date,time,timezone,tweet
2010-06-26,23:56:14,900,@sgrxx デコっちググったらポルトガル代表みたいなのでやんわりチェックしてみようと思います
2010-06-26,22:58:22,900,ファビオコエントロンって、ポルトガル代表のDFなんだけど、かっこよすぎやわ～！ラウールメイレレスもおすすめです★
2010-06-26,22:10:49,900,さっき、外で夕食してたとき。横をポルトガル代表ユニを着た男性が通った。ふと後ろ姿を見ると、「10 RUI COSTA」と書かれていた。妙に感動した。
2010-06-26,21:51:33,900,kemu_makiはポルトガル代表監督となり、相手のミスを誘うサッカーでＷ杯を目指しますが、チーム内紛争に苦しみ、最終的に健康障害のため途中解任されます。 http://shindanmaker.com/28803
2010-06-26,20:35:00,900,@kerokero_club 私はポルトガル代表が気になります
2010-06-26,20:29:44,900,ポルトガルは今まで見たポルトガル代表の中で一番軸がしっかりしてるような気がする。スペインとどっちが上かって言われたら正直微妙なんだけど、グループリーグでの充実ぶりを考えたらこっちかな。
2010-06-26,16:31:18,900,ポルトガル代表  http://nav.cx/gh1lT3
2010-06-26,16:31:17,900,ポルトガル代表  http://nav.cx/5oTaD2
2010-06-26,16:31:16,900,ポルトガル代表  http://nav.cx/XGKCV8
2010-06-26,16:27:17,900,【サッカー】バイエルン、ベンフィカ所属のポルトガル代表コエントラン獲得でクラブ間合意か http://dlvr.it/22zrX
2010-06-26,15:58:10,900,【サッカー】バイエルン、ベンフィカ所属のポルトガル代表コエントラン獲得でクラブ間合意か http://www.2nn.jp/mnewsplus/1277535478/
2010-06-26,15:40:48,900,ポルトガル代表DFファビオ・コエントラン、バイエルン移籍で合意。2週間前に1500万ユーロを提示して断られていたが…ポルトガルも課題だった左サイドバックにいい選手が台頭しましたね！積極的なオーバーラップと高精度のクロスに惚れました！ソースはGoal.com
2010-06-26,15:14:57,900,"出してやりたかった。
ポルトガル代表デコのブラジル戦欠場がほぼ確実に 
http://j.mp/alpQR0"
2010-06-26,13:28:14,900,ポルトガル代表コエントロン男前やあ～
2010-06-26,12:56:37,900,ポルトガル代表に小島よしお似がおる(゜3゜)ノ
2010-06-26,12:51:42,900,なんでポルトガル代表に小島よしおがいるの？
2010-06-26,12:42:50,900,アルゼンチン代表はメッシに自由にやらせることを覚えたが、ポルトガル代表はたぶんそこまでできない。絶対的な FW がほかにいないから
2010-06-26,11:50:09,900,12:00 フジテレビ FIFAワールドカップグループG#45 ポルトガル代表-ブラジル代表
2010-06-26,11:28:06,900,なんかロナウド一人だけ浮いてる感じがするんだよね。ポルトガル代表内だと。なんでだろ。気のせいかな
2010-06-26,09:10:11,900,"試合日程を更新 ポルトガル代表,スペイン代表,ブラジル代表,チリ代表 http://soccer.phew.homeip.net/schedule/match/list/"
2010-06-26,09:00:06,900,"試合日程を更新 コートジボアール代表,北朝鮮代表,ブラジル代表,ポルトガル代表,ホンジュラ... http://soccer.phew.homeip.net/schedule/match/list/"
2010-06-26,06:17:17,900,いえ、自分もエウゼビオとやったのがそうだと思って調べてみたら代表じゃなかったという感じでした。 RT @kenichi_tomura: 確かに。ポルトガル代表ではありませんでした。すみません・・・
2010-06-26,05:58:45,900,確かに。ポルトガル代表ではありませんでした。すみません・・・RT @YEBISU_Black 1970年にベンフィカとは対戦しているようですけどね。 RT @kenichi_tomura: すごい昔にやっているはずです。エウセビオとかが活躍していた時代に　
2010-06-26,05:41:09,900,【動画】ポルトガル×ブラジル[Wカップ2010]: 2010年6月25日のFIFAワールドカップ2010南アフリカ大会/グループリーグ、ポルトガル代表vsブラジル代表戦のユーチューブ速報映像です。試合結果は0 - 0の引き分けでした… http://goo.gl/fb/3bCIv
2010-06-26,05:15:13,900,・・・この３人を中心にして声優ポルトガル代表を作ろう（ぇ
2010-06-26,02:30:58,900,ワールドワインフェアーのポルトガル代表はこちら◎キンタ・ド・コーレイヨ。切手をイメージしたラベルに注目☆やや軽めで飲みやすいですよ～('-^*)ok http://www.hotpepper.jp/strJ000745308/?vos=nhpp01
2010-06-26,01:25:22,900,ポルトガル代表ペペ。ケガして試合を休んでる間に髪を伸ばして、小島よしおになってしまった。
2010-06-26,01:17:03,900,ポルトガル代表の誰かのパンツが水色だった件
2010-06-26,01:08:50,900,ポルトガル代表の7番です。 http://twitpic.com/1zul2c
2010-06-26,01:02:02,900,子門三郎さん(ポルトガル代表
2010-06-26,00:54:36,900,いつポルトガル代表に呼ばれても良いように、クリロナみたいな体になろう。
2010-06-26,00:50:17,900,01:00 NHK衛星第一 FIFAワールドカップグループG#45 ポルトガル代表-ブラジル代表
2010-06-26,00:41:49,900,実況「親子でポルトガル代表という、そんな存在です」　　　ジワジワくるwww
2010-06-26,00:41:45,900,親子でポルトガル代表？はぁ？
2010-06-26,00:39:07,900,4年前はロナウドと言えばブラジル代表のほうを指していたのだが、いまやポルトガル代表、か。ブラジルのほうは今回、出てもいないのか。
2010-06-26,00:37:41,900,ポルトガル代表のファビオさん、イケメーン(*´∀`*)
2010-06-26,00:34:54,900,本田圭祐の１トップと聞いたときに思い浮かべた、どうにもならないくらい閉塞した中盤と前線で空回りする客寄せパンダという恐ろしい構図を、いまポルトガル代表が見せてくれている。
2010-06-26,00:33:44,900,"サッカーは詳しくないおいらでも、ブラジル代表とポルトガル代表のレベルの高さは見ていて分かる！
そう、おいらは違いの分かる男なのだ！"
2010-06-26,00:31:03,900,今回のポルトガル代表はチンピラっぽい。それもよわっちいやつ。前回のフィーゴやパウレタのような大人がいない
2010-06-26,00:20:46,900,ポルトガル代表選手交代でMENDESきたー
2010-06-26,00:20:20,900,@d_k_candy 400回で神なんておこがましい(&gt;3&lt;)ポルトガル代表のCロナウドは１日3000回だそうで…(゜д゜；)人ではないことは確かだね(笑)自分は年下好きだね(^ω^)精神年齢が中学生だからねぇ(爆笑)なかなか大人になれんもんです(-ω-)ちるさんは年上好き??
2010-06-26,00:19:49,900,スキンヘッドじゃないポルトガル代表のペペ、物凄い違和感がある。
2010-06-26,00:19:44,900,正解は｢シモン･サブローザ｣でした｡ポルトガル代表｡ RT @alphabet_noir: 島尾三郎太?何人だ
2010-06-26,00:13:43,900,今頃だけど、リカルド・クアレスマはポルトガル代表に選ばれてなかったんだね。ま〜近年の活躍じゃ厳しいけど。 http://bit.ly/cIoZID
2010-06-26,00:13:23,900,アニメ的展開ではブラジル代表にはブラジリアン柔術の使い手がいて、ボールの慣性力を生かしたシュートを繰り出す。それに対しポルトガル代表には銃の使い手がいて、目の中にスコープの十字があらわれて正確無比なシュートを繰り出す。
2010-06-25,23:49:55,900,ポルトガル代表監督のカルロス・ケイロスってのはなぁ、昔 名古屋グランパスでサントリーカップというワケのわからんタイトルを取ってヒゲを剃ったんだぞ～・・・という話を孫の代まで語り継ぐ件 #2010wc
2010-06-25,23:44:54,900,ポルトガル代表◆背番号16・メイレレスのタトゥーは、タトゥーの域を超えている（二回目のつぶやき）
2010-06-25,23:41:57,900,@rinrin_kit ですねー。何故かポルトガル代表の選手はファミリーネーム？とセットで呼ばれることが多い気がすることに気付いて、今度はなんの基準で呼び分けてるのかが気になってきましたｗ
2010-06-25,23:41:25,900,@_arau ポルトガル代表ではボランチですね。確か予選の途中、ぺぺをボランチにおいてから勝てるようになった気がします。
2010-06-25,23:41:09,900,デコにせよペペにせよ、セレソンに入れそうにもないからポルトガル代表になった選手だものなぁ。
2010-06-25,23:40:55,900,ブラジル出身のポルトガル代表選手、ぺぺ。さっきからディフェンスが超荒い。削りすぎ！　#worldcup
2010-06-25,23:40:50,900,ポルトガル代表のペペ、久しぶりに見たら髪が伸びててイメージ変わったなぁ。 #2010WC
2010-06-25,23:40:17,900,ポルトガル代表ってブラジル帰化人でいっぱい
2010-06-25,23:37:20,900,デコはこのワールドカップをもって　ポルトガル代表の引退を表明しているんだね　ついおととい知ったばかりなのに寂しくてたまらない
2010-06-25,23:37:06,900,さっきポルトガル代表に小島よしおがいたような気がした。
2010-06-25,23:36:54,900,おデコ（ポルトガル代表の丁寧語）
2010-06-25,23:34:05,900,ポルトガル代表のシュミレーションは国技だね、こりゃ…(笑)。 #2010wc
2010-06-25,23:32:43,900,@shinegray そだよー日本代表よりポルトガル代表が大切な非国民ですよ～ ヽ(；▽；)ノ
2010-06-25,23:29:29,900,今夜は清水秀彦ポルトガル代表にダメ出しｗ
2010-06-25,23:27:38,900,ポルトガル代表のペペ。髪伸ばさない方がいいな（笑）スキンヘッドが似合ってた！#worldcup
2010-06-25,23:24:45,900,しかしポルトガル代表はイケメン多いのぅ（そればっかｗ
2010-06-25,23:22:05,900,今大会始まる前はほとんど知らなかったポルトガル代表DFファビオ・コエントロン。なかなかやりおるね。
2010-06-25,23:20:48,900,ポルトガル代表は、96年のユーロ杯のチームが一番好き。ジョアン･ピントとか、フラビオ･コンセイソン、懐かしい…
2010-06-25,23:18:25,900,"ポルトガルvsブラジル
大好きなポルトガル代表なんか本戦ほぼ決まってるから、サッカーが雑な感じがする。ヨーロッパのチームの悪いクセだな。"
2010-06-25,23:16:51,900,このパス回しがポルトガル代表だね。
2010-06-25,23:06:16,900,ぺぺってポルトガル代表やったんや
2010-06-25,22:59:09,900,それにしても、NIKEのポルトガル代表ユニフォームは萌えませんね。いけてない。
2010-06-25,22:57:10,900,ポルトガル代表はいつも国歌熱唱だなー。熱唱しやすい曲だけど。勢いがあって好きだ。 #2010wc
2010-06-25,22:56:38,900,ポルトガル代表に一人音痴が…
2010-06-25,22:56:23,900,ポルトガル代表国歌下手ちゃう？
2010-06-25,22:56:09,900,ブラジル代表対ポルトガル代表戦が始まった！がんばれポルトガル！がんばれC・ロナウド！（笑） #sougofollow #twiNAGOYA #foodjp
2010-06-25,22:56:09,900,ポルトガル代表の顔の濃さがたまらない
2010-06-25,22:56:02,900,ポルトガル代表が相変わらず音痴な件(￣◇￣;) #por
2010-06-25,22:55:37,900,あ、言語も一緒か！？ RT @kiyotoshiaraki: ポルトガル代表とブラジル代表は、知り合い同士が多いみたいだね。 #worldcup #2010wc #wc2010 #soccer
2010-06-25,22:52:59,900,ポルトガル代表とブラジル代表は、知り合い同士が多いみたいだね。 #worldcup #2010wc #wc2010 #soccer
2010-06-25,22:45:36,900,さっ。デコさん見よー。今日は出れるよね？ デコさん、ほんとはブラジル人。スカウトされてポルトガル国籍取得→ポルトガル代表へ。一時フィーゴらから抗議される。。って2人とも好きなのになぁー。デコさん、孤独じゃないよね。。
2010-06-25,22:44:26,900,"予選リーグ最高のカード、ポルトガル代表VSブラジル代表‼
始まる前から興奮し過ぎて鼻血出そう。"
2010-06-25,22:42:54,900,"ポルトガル代表スタメン：GKエドゥアルド、DFアウベス、ペペ、カルバーリョ、リカルド・コスタ、MFメイレレス、ドゥダ、チアーゴ、ダニー, FWクリスチアーノ ロナウド、コエントロン #por #wc2010 #worldcup"
2010-06-25,22:30:33,900,22:40 フジテレビ FIFAワールドカップグループG#45 ポルトガル代表-ブラジル代表
2010-06-25,22:27:12,900,ポルトガル代表のラウール選手を「ラウール兄さん」と呼ぶことにした
2010-06-25,22:20:22,900,22:25 スカチャンHD799[e2] FIFAワールドカップグループG#45 ポルトガル代表-ブラジル代表
2010-06-25,22:20:20,900,22:25 スカチャン181 FIFAワールドカップグループG#45 ポルトガル代表-ブラジル代表
2010-06-25,22:20:18,900,22:25 スカチャンHD191 FIFAワールドカップグループG#45 ポルトガル代表-ブラジル代表
2010-06-25,20:05:02,900,ブラジル戦もダメなのか。一応母国との試合だったのにね…。ポルトガル代表デコのブラジル戦欠場がほぼ確実に http://sportsnavi.yahoo.co.jp/soccer/headlines/20100625-00000017-spnavi-socc.html
2010-06-25,19:34:22,900,今日はセレソンブラジレイラ御一行様とポルトガル代表ですね。これぞW杯、の素晴らしいゲームになることを期待する。
2010-06-25,19:06:31,900,日本代表試合開始からまだ仮眠も取らぬまま 今夜は ポルトガル代表戦。何時寝ようかいな…
2010-06-25,18:55:27,900,ポルトガル代表も、とってもとっても応援したいのだが、スペインへの操の方が勝つので、虻蜂取らずにならないよう、ポルトガル戦は涙をのんで我慢。ポルトガル応援派の皆さま、応援よろしくお願いいたします!そして、ごめんなさい!!! #worldcup
2010-06-25,18:45:40,900,FIFAイケメンを探せ♪　殿堂入りは、「ポルトガル代表　クリスティアーノ・ロナウド」選手 #WorldCup
2010-06-25,15:47:04,900,残りのグループGとグループH、Gはブラジル代表とポルトガル代表が勝ち抜けほぼ確定だけど、Hはスペイン代表がチリ代表に負けたら面白くなるぞ・・・。　#2010wc #WorldCup #Esp #Sui #Chi
2010-06-25,13:24:31,900,本日の放映「23:00-ポルトガル代表vsブラジル代表」「27:30-チリ代表vsスペイン代表」をLive放映します。なお、27:30からの放映は予約が必要となりますので必ずご連絡を下さい。
2010-06-25,12:25:18,900,ポルトガル代表デコのブラジル戦欠場がほぼ確実に :: http://bit.ly/bTFgO2
2010-06-25,12:10:08,900,ポルトガル代表デコのブラジル戦欠場がほぼ確実に http://dlvr.it/21DjL
2010-06-25,12:00:08,900,ポルトガル代表デコのブラジル戦欠場がほぼ確実に http://bit.ly/duZt5L #f14s_biz
2010-06-25,11:58:06,900,#newsjp ポルトガル代表デコのブラジル戦欠場がほぼ確実に（スポーツナビ） http://bit.ly/bSxINW
2010-06-25,11:57:08,900,【サッカー】ポルトガル代表デコのブラジル戦欠場がほぼ確実に http://tinyurl.com/33yjf3x
2010-06-25,11:52:58,900,＞＞中国メディアの中国新聞網は「彼のすばらしいパフォーマンスに対し、レアル・マドリードが注目しているらしい。」と報じ、レアル・マドリードがカカ（ブラジル代表）やC・ロナウド（ポルトガル代表）の控えとして、本田選手を獲得する可能性があると報じた。　　#worldcup
2010-06-25,07:49:20,900,ポルトガル代表の左サイドバック:ファビオ・コエントラン（ベンフィカ）は最高のサイドバックだと思う
2010-06-25,07:29:43,900,"デコ（アルデルソン・ルイス・デ・ソウザ）　の名言（不器用）: 不器用な人ほど上手くなれる。不器用な人ほど人の気持ちがわかる。
そして、いつかは極められる。
デコ（アルデルソン・ルイス・デ・ソウザ）　
サッカーポルトガル代表　

... http://bit.ly/92d16T"
2010-06-25,02:18:39,900,今回のW杯で着用してるポルトガル代表長袖ユニが無いなぁまだ発売してないのかな？？
2010-06-25,01:38:34,900,@ri_ham0424 クリスチアーノ・ロナウドだっけ？でてるよーポルトガル代表で。今のところ順調だよ。
2010-06-25,01:02:17,900,いまポルトガルにいます。ポルトガル代表においてはＣ．ロナウドが好きです。というわけで、ではみなさんだったらポルトガル代表とどう戦うか、ぜひ教えていただけたら幸いです。
2010-06-24,22:42:01,900,時節的にはポルトガル代表のC･ロナウドかなぁ。 ⇒ http://m.qa-now.com/d/84593 @tarou1944 #qanow_mobile
2010-06-24,11:48:53,900,[Sportsnavi] ユベントス、フォルラン獲得のためチアゴ＋グロッソの交換トレードを提案か: ユベントスはアトレティコ・マドリーのウルグアイ代表ＦＷディエゴ・フォルラン獲得に向け、ポルトガル代表ＭＦチアゴ・メンデスおよび元... http://bit.ly/coMKoj
2010-06-24,08:03:41,900,石野卓球→http://bit.ly/di0g5Y ポルトガル代表MFデコ→http://bit.ly/9j8nLb 完　全　に　一　致　→http://twitpic.com/1za9zm/full
2010-06-24,02:27:00,900,えー、サッカーのポルトガル代表の「デコ」という名前の選手です、はい。 RT @izumin1 元がどなたか分からないという……。 RT @tomoeshinohara: わっはは！石野卓球さんそっくり！！！RT @TakkyuIshino 誰がデコやねん。 http://twi
2010-06-24,02:14:05,900,デコ（Deco）こと、アンデルソン・ルイス・デ・ソウザ（Anderson Luis de Souza、1977年8 月27日 - ）は、ブラジル、サンパウロ州サン・ベルナルド・ド・カンポ出身のポルトガル代表、プレミアリーグ・チェルシーFC所属のサッカー選手。（wikiより）
2010-06-24,02:05:25,900,"やべー熱上がってきてきもちわるい,ルイ...ルイコスタ、元ポルトガル代表。"
2010-06-23,23:15:47,900,ちょｗｗｗｗりっちゃんがポルトガル代表に！？ｗｗ http://hayabusa.2ch.net/test/read.cgi/livejupiter/1277302439/ #nanjnews
2010-06-23,21:50:13,900,ポルトガル代表の国歌斉唱を全試合分おさめたDVD（全員の顔を映す通常verとエドゥアルドたんとクリロナで画面固定ver）が出たら買いたい。こ、こんなこと考えちゃうのも岡ちゃんのせいなんだからねっ！
2010-06-23,21:10:34,900,"ポルトガル代表はやっぱ強いなあ。
俺の優勝予想はポルトガル"
2010-06-23,19:24:22,900,ユーヴェも評価急上昇中のコエントランを狙う？: イタリア『コッリエレ・デッロ・スポルト』は、ユヴェントスがベンフィカに所属するポルトガル代表ＤＦファビオ・コエントランを狙っていると報じた。左サイドバックとしてもプレーできる同選手... http://bit.ly/aw69je
2010-06-23,17:58:27,900,@michan13 しかしメッシは、今大会は今のところノーゴールやで。C.ロナウドは、先日の北朝鮮戦で、ポルトガル代表としては1年4ケ月ぶりのゴール決めよったが。。。
2010-06-23,16:03:57,900,Q4:ﾎﾟﾙﾄｶﾞﾙ代表ｸﾘｽﾁｱｰﾉ･ﾛﾅｳﾄﾞ、彼の移籍金は実に何億円？ http://kentei.cc/k/558770 #k_558770
2010-06-23,14:55:27,900,@aotrend ポルトガル代表のデコはブラジル人なのです。帰化しちゃってます。
2010-06-23,14:01:05,900,口蹄疫「勤務中W杯速報ポルトガル代表恐喝否定
2010-06-23,12:11:12,900,確かに親戚かっていうくらい似てる。 RT @w_axl_rose: フーバスタンクのVO.ダグラスとサッカー、ポルトガル代表のデコってそっくりじゃない？
2010-06-23,09:02:24,900,クリロナのゴールは微笑ましかった☆母ちゃんが名古屋の三越で見掛けた！と自慢してたカルロスケイロスも今やポルトガル代表の監督。
2010-06-23,08:19:45,900,「oitava」の意味がわかりました。「８強」だそうです。ポルトガル代表のノルマが８強とのこと。考えすぎました。
2010-06-23,07:05:19,900,"ポルトガル代表メイレレスの両腕タトゥーがかなり凄い。日本人の感覚ではなかなか理解し辛い文化だと思う。イタリアのマテラッティは意味不明の漢字をタトゥーしてたな。。。
レイイレス→　http://bit.ly/96zua9"
2010-06-23,03:08:51,900,ポルトガル代表コエントラオの北朝鮮戦での活躍にベッケンバウアーが感動したそうで、すぐに電話をした模様。もちろん電話の相手はバイエルンでございます。
2010-06-23,00:37:46,900,フーバスタンクのVO.ダグラスとサッカー、ポルトガル代表のデコってそっくりじゃない？
2010-06-23,00:37:39,900,@yoshimi0630 寂しいです。でも彼は世代交代を意識しての代表引退みたいなので・・・。まだポルトガル代表ユニを着たDECOを見ていたかったです。アンリさんは途中出場ながらも頑張ってますね！アンリがんばれ！！
2010-06-23,00:19:00,900,@yoshimi0630 いえいえ、とんでもないです。ポルトガル代表にDECOが居るのでポルトガルを応援してます。昨夜はポルトガル大勝したのですが僕のTLにポルトガルファンの方がいなくてあまり喜べなかったです･･･w　ありがとうございます！W杯楽しみましょう！！
2010-06-22,22:53:30,900,麻雀に例えると、五連荘したら次は役満狙うのが日本人、ツモのみで七連荘してドヤ顔するのがポルトガル代表、みたいな。あぁ全然違いましたか。 RT @Tad4598: RT @Yuz0130: 「利益よりも信用」
2010-06-22,21:30:20,900,昨日のポルトガル代表のゴールラッシュはすごかったです。日本代表もこんな試合を一度でいいから見せてほしいとも思います。
2010-06-22,21:23:00,900,バイエルンがポルトガル代表ＤＦを狙う？ http://dlvr.it/hc5j #Football
2010-06-22,21:20:18,900,【NEWS】 バイエルンがポルトガル代表ＤＦを狙う？ http://bit.ly/a2By9J
2010-06-22,21:18:13,900,バイエルンがポルトガル代表ＤＦを狙う？ http://dlvr.it/1wwlh
2010-06-22,20:57:46,900,@DIG11 ポルトガル代表。。　でこしすはJST絡みの真面目なプロジェクトだそうです。ハッシュまであるとは。。 #decocis [DeCocis] http://bt.io/FTs0
2010-06-22,20:29:14,900,アトレティコ残留を望むチアゴ: ポルトガル代表ＭＦチアゴ・メンデスは、アトレティコ・マドリーに完全移籍することを望んでいると明らかにした。２９才のＭＦは昨シーズンの後半戦をアトレティコでプレーした。そしてキケ・サンチェス・フロー... http://bit.ly/8Z58kB
2010-06-22,20:12:33,900,Goal.com バイエルンがポルトガル代表ＤＦを狙う？ http://bit.ly/axxofc
2010-06-22,20:12:32,900,goal.com　から～ バイエルンがポルトガル代表ＤＦを狙う？: コエントランへの評価は上昇中 http://bit.ly/c5RxAT
2010-06-22,20:01:23,900,バイエルンがポルトガル代表ＤＦを狙う？ http://bit.ly/9PaEih
2010-06-22,19:33:18,900,ポルトガル代表左SBファビオ・コエントロン。２３番。　#wc_ikemen
2010-06-22,19:29:39,900,きのうのポルトガル戦をみて～。クリスティアーノロナウドは車の事故で命を落とさなくて良かったなって心から思った～。彼のプレーはすごい！！！ポルトガル代表の中にタトゥーを入れているをひとが多いのにも驚いた(mﾟ◇ﾟm)!!
2010-06-22,17:57:33,900,サッカーですが、ポルトガル代表とかアルゼンチン代表は、やはり人気ありますね。噂には聞いていたけど、クリスティアーノ・ロナウドとか、メッシってどんなプレーするんだろぅ、みたいな。自分もそうです。#2010wc
2010-06-22,15:09:10,900,@mcitcccc デコはポルトガル代表さーロナウドってCロナウドの事じゃないの？だから同じポルトガル代表繋がりでデコにもってったんだおwwwあスペイン見るの忘れてた…なんかプラントのみならずコーガンまでいるようでwwww今大会www
2010-06-22,15:06:15,900,ポルトガル代表のクリスチアーノロナウドに出の良いケチャップを送ってあげたい。
2010-06-22,14:59:32,900,北朝鮮をコテンパンにしてしまったポルトガル代表の選手たちをかわいいイラストにしました　http://bit.ly/dnT6nF　#wsk_wc #2010wc #por #prk
2010-06-22,14:56:37,900,ポルトガル代表監督のケイロスさんって、元名古屋グランパス監督なんだよね～
2010-06-22,12:39:22,900,長いトンネルから抜け出したＣ・ロナウド「妙なゴールだった」: ポルトガル代表のクリスティアーノ・ロナウドは、７−０と圧勝した２１日の北朝鮮との一戦で、代表では１年４カ月ぶり（公式戦では約２年ぶり）となるゴールを決めたことを素直に... http://bit.ly/alfIGA
2010-06-22,12:39:19,900,ポルトガル代表のケイロス監督「選手たちのモチベーションと自信は高まっている」: ２１日の北朝鮮との一戦で大量７得点を挙げて圧勝したポルトガル代表は、この勝利によりグループリーグ突破をほぼ確実なものにした。ポルトガル代表のカルロス... http://bit.ly/9y2c2N
2010-06-22,12:30:24,900,[Y!スポーツ]ポルトガル代表のケイロス監督「選手たちのモチベーションと自信は高まっている」（スポーツナビ） http://bit.ly/9JDxZc
2010-06-22,12:23:40,900,@uuuuuuuko 有難うございます！そう思いたいのですが僕のTLにはポルトガルファンはいなさそうでして僕のツイを見て不快になる人もいるんだろうなって思いまして…。そんな事言ってたらツイッターの意味が無いですが…。次節のブラジル戦もポルトガル代表やDECOに頑張って欲しいです！
2010-06-22,12:19:54,900,[Sportsnavi] ポルトガル代表のケイロス監督「選手たちのモチベーションと自信は高まっている」: ２１日の北朝鮮との一戦で大量７得点を挙げて圧勝したポルトガル代表は、この勝利によりグループリーグ突破をほぼ確実なものにした... http://bit.ly/ch5WDQ
2010-06-22,12:19:53,900,【NEWS】 ポルトガル代表のケイロス監督「選手たちのモチベーションと自信は高まっている」 http://bit.ly/ch5WDQ
2010-06-22,12:19:52,900,[soccer] ポルトガル代表のケイロス監督「選手たちのモチベーションと自信は高まっている」 http://tinyurl.com/2fx643m
2010-06-22,12:19:51,900,ポルトガル代表のケイロス監督「選手たちのモチベーションと自信は高まっている」: ２１日の北朝鮮との一戦で大量７得点を挙げて圧勝したポルトガル代表は、この勝利によりグループリーグ突破をほぼ確実なものにした。ポルトガル代表のカルロス... http://bit.ly/ch5WDQ
2010-06-22,12:19:50,900,長いトンネルから抜け出したＣ・ロナウド「妙なゴールだった」: ポルトガル代表のクリスティアーノ・ロナウドは、７−０と圧勝した２１日の北朝鮮との一戦で、代表では１年４カ月ぶり（公式戦では約２年ぶり）となるゴールを決めたことを素直に... http://bit.ly/cpzLx4
2010-06-22,12:19:49,900,ポルトガル代表のケイロス監督「選手たちのモチベーションと自信は高まっている」: ２１日の北朝鮮との一戦で大量７得点を挙げて圧勝したポルトガル代表は、この勝利によりグループリーグ突破をほぼ確実なものにした。ポルトガル代表のカルロス... http://bit.ly/b97Vl3
2010-06-22,12:14:19,900,"ひぇ～、C・ロナウドもtwitterしてるんだって～（＠－＠
(海外有名人アカウント一覧にサッカーポルトガル代表 クリスティアーノ・ロナウド @Cristiano を追加しました！)"
2010-06-22,12:12:03,900,楽しむ気持ちが大事。 RT @Rtokkun: 昨日のポルトガル代表楽しそうにサッカーしてた。だから、いいプレーができる。のかも。仕事も同じかな。
2010-06-22,12:05:20,900,ポルトガル代表のケイロス監督「選手たちのモチベーションと自信は高まっている」 :: http://bit.ly/capNkW
2010-06-22,11:56:55,900,ポルトガル代表のケイロス監督「選手たちのモチベーションと自信は高まっている」 （スポーツナビ） http://bit.ly/cXvX08
2010-06-22,11:51:46,900,ポルトガル代表のケイロス監督「選手たちのモチベーションと自信は高まっている」 http://dlvr.it/1wKTc
2010-06-22,11:48:31,900,[Sportsnavi] 長いトンネルから抜け出したＣ・ロナウド「妙なゴールだった」: ポルトガル代表のクリスティアーノ・ロナウドは、７−０と圧勝した２１日の北朝鮮との一戦で、代表では１年４カ月ぶり（公式戦では約２年ぶり）となる... http://bit.ly/9tGA0C
2010-06-22,11:47:31,900,【サッカー】ポルトガル代表のケイロス監督「選手たちのモチベーションと自信は高まっている」 http://tinyurl.com/2fo294s
2010-06-22,10:53:25,900,おお！　ポルトガル代表のクリスチアーノ・ロナウドもつぶやいてたのかぁ　@OGOchoCinco
2010-06-22,10:37:12,900,海外有名人アカウント一覧にサッカーポルトガル代表 クリスティアーノ・ロナウド @Cristiano を追加しました！
2010-06-22,09:31:19,900,やっとロナウドが決めましたか。ワールドカップになると良いとこが無かったのでこれから本領発揮ってとこですかな。 RT @jfa_samuraiblue: 【グループG 試合終了 ポルトガル代表 7-0 朝鮮民主主義人民共和国代表 #jfa2010 #2010wc #worldcup
2010-06-22,09:10:13,900,"試合日程を更新 北朝鮮代表,ポルトガル代表 http://soccer.phew.homeip.net/schedule/match/list/"
2010-06-22,08:46:36,900,サッカーポルトガル代表は、凄い。北朝鮮との試合は、エキサイティングだった！！ Representative Portugal of soccer is terrible. The game with North Korea was excited.
2010-06-22,08:24:01,900,ポルトガル代表(Ｃ･ロナルド)って某新聞に書いてあるけど、ロナウドじゃないの？？
2010-06-22,07:37:46,900,[Qoly] ポルトガル代表 個人評価 （vs 北朝鮮戦） http://bit.ly/aXIGX8 #daihyo #crow2010
2010-06-22,07:35:40,900,@qanow ポルトガル代表のクリスティアーノ・ロナウドなのですが、ロナルドじゃないのですか？？最近ニュース等を見ると、ロナウドと言っています、何年か前トヨタカップのときにロナルドと言っていました、私はロナウドじゃなくてロナルド... http://bit.ly/cL1Ah1
2010-06-22,07:18:39,900,シモンが出場していたポルトガル代表ですが、度重なる前半のコーナーキックで解説者の「ニアにこだわってますね〜」に萌えた☆
2010-06-22,05:53:57,900,【動画】ポルトガル×北朝鮮[W杯2010]: 2010年6月21日のFIFAワールドカップ2010南アフリカ大会/グループリーグ、ポルトガル代表vs北朝鮮代表戦のユーチューブ速報映像です。試合結果は7 - 0でポルトガルが勝ちました… http://goo.gl/fb/3wtRr
2010-06-22,05:26:09,900,今日思ったこと、忘れないように。今大会ナンバーワン・イケメンと思われていたポルトガル代表ヴェローゾ、全然カッコよくなかった…。 #2010wc
2010-06-22,04:34:21,900,ポルトガル代表ロナウド、自分の得点よりも確実にチームを優先するプレー、脱帽です。
2010-06-22,03:42:08,900,ポルトガル代表のシモンと、アゴなしゲンとオレ物語のゲンさんが似てると思うのは、私だけでしょうか？　　”「アゴなしゲンとオレ物語」のゲンさんhttp://amzn.to/9l3aOv　ポルトガル代表シモンhttp://bit.ly/9fxa7l
2010-06-22,03:30:13,900,"一流の選手だ。フェデラーが初戦２セット取られながらも、逆転勝ちしたのもそういうことなのだろうなぁ。 RT @MORYJ 元ポルトガル代表フィーゴからロナウドへの言葉 - ""どんな重圧の中でも胸を張れ"" 。 精神的な強さってどこまでも大切で、全ての鍵を握ってるんだなぁ"
2010-06-22,03:18:27,900,"元ポルトガル代表フィーゴからロナウドへの言葉 - ""どんな重圧の中でも胸を張れ""  。 精神的な強さってどこまでも大切で、全ての鍵を握ってるんだなぁ"
2010-06-22,01:58:28,900,ハーフタイム、イデオロギーをはっきりさせるために部屋からポルトガル代表タオルマフラーをとってきたら、店主がホッとした表情に。
2010-06-22,01:57:00,900,6月21日本日もリスボンは晴天なう。アパートの下の食堂でポルトガル代表戦を観戦。前日の各スポーツ紙では「神様仏様クリスティアーノ様」的見出し。
2010-06-22,01:29:53,900,7対0と快勝のポルトガル代表のベンチにいる監督を見て、サプライズ!!        lリーグの名古屋グランパスの元監督のカルロス・ケイロス氏
2010-06-22,01:11:40,900,！！！ RT @jfa_samuraiblue 【グループG】 試合終了 ポルトガル代表 7-0 朝鮮民主主義人民共和国代表 #jfa2010
2010-06-22,01:05:44,900,国を想って国家を大声で歌う。ポルトガル代表はカッコイイなあ。クリスチアーノ・ロナウドはもちょっと頑張って歌ってちょ。
2010-06-22,01:02:13,900,ポルトガル代表は関節的に殺人犯だよ…
2010-06-22,00:57:40,900,"ん〜、こんな試合もあるわな。
あっ、このアカウントいいよ〜
！！フォローすべし！！
RT@jfa_samuraiblue: 【グループG】 試合終了 ポルトガル代表 7-0 朝鮮民主主義人民共和国代表 #jfa2010"
2010-06-22,00:50:21,900,01:00 NHK衛星第一 FIFAワールドカップグループG#30 ポルトガル代表-北朝鮮代表
2010-06-21,23:52:31,900,ポルトガルvs北朝鮮なう。後半から。なんかあったのかしら？ところで昔ポルトガル代表にいた選手の名前が思い出せなくてモヤモヤ…中盤の…マルシェみたいな名前の…マルシェだっけな…うぅ
2010-06-21,23:52:28,900,仕事で全然チェックしてなかったが、何事？テセ〜！！どうしたー！ RT @jfa_samuraiblue 【グループG】 試合終了 ポルトガル代表 7-0 朝鮮民主主義人民共和国代表 #jfa2010
2010-06-21,23:32:51,900,北朝鮮にはアルディの安英学選手もいるので善戦を期待したが、ずいぶんブチ込まれたなぁー。アジアとヨーロッパの差が如実にでてしまいましたね。 RT @jfa_samuraiblue: 【グループG】 試合終了 ポルトガル代表 7-0 朝鮮民主主義人民共和国代表 #jfa2010
2010-06-21,23:27:22,900,チリのピエルサ監督の超ドアップが。岡田監督ではまずないだろうね(^o^;) 昔、ポルトガル代表のフィーゴの写真で、目鼻口に寄ってるのがあって、フィーゴファンの友達に待受画像として送ってあげたことあったな。アジア人の顔ではまずあり得ないトリミング。
2010-06-21,23:22:37,900,@fantasticOT デコ、大会前にインタビューでポルトガル代表になったのは、当時ブラジウが自分より実力ない奴が代表で自分にチャンスもくれなかったってわざわざ言うくらいだから、負けず嫌いのデコさんのことです。ひと泡吹かせようと企んでるでしょうｗ
2010-06-21,23:19:06,900,あららRT @jfa_samuraiblue 【グループG】 試合終了 ポルトガル代表 7-0 朝鮮民主主義人民共和国代表 #jfa2010
2010-06-21,23:06:08,900,うおっ、いつの間に RT @jfa_samuraiblue: 【グループG】 試合終了 ポルトガル代表 7-0 朝鮮民主主義人民共和国代表 #jfa2010
2010-06-21,23:05:51,900,ありゃ、見ないときに限ってこんな試合になっとる。RT　@jfa_samuraiblue 【グループG】 試合終了 ポルトガル代表 7-0 朝鮮民主主義人民共和国代表 #jfa2010
2010-06-21,22:58:34,900,しかも優勝できねえのだ(´；ω；｀) RT @suta_meshi_taro: 皆「大量失点の思い出」話している中数少ない「大量得点の思い出」なのに、こんなに悲しいなんて… QT @hiyama むかついたのでポルトガル代表に7-0の呪いをかけてやろう。次は負けるぜ！！！つД｀)
2010-06-21,22:57:39,900,@soleil_21 ポルトガル代表の監督さんは、昔名古屋グランパスというサッカークラブで監督をしていた時期があってだな・・・
2010-06-21,22:55:55,900,私がクリスチアーノ・ロナウドをポルトガル代表で初めて見たのは、EURO2004のときでした。ルイ・コスタ、フィーゴ、フェルナンド・コウトなどの黄金世代の中に混じって、当時は初々しかったのう。私が一番よくサッカーを見ていた頃でした。
2010-06-21,22:52:21,900,ぐふぅ… RT: @hiyama: ｡･ﾟ･(ﾉД`)･ﾟ･｡ RT @fronta10: しかも7-0で勝つと優勝できないぜ！ RT @hiyama: むかついたのでポルトガル代表に7-0の呪いをかけてやろう。次は負けるぜ！！！つД｀)･ﾟ･｡･ﾟﾟ･*:.｡..｡.:*･ﾟ
2010-06-21,22:49:25,900,ポルトガル代表、なんなら間接的な処刑執行人だよね
2010-06-21,22:49:00,900,皆「大量失点の思い出」話している中数少ない「大量得点の思い出」なのに、こんなに悲しいなんて… QT @hiyama むかついたのでポルトガル代表に7-0の呪いをかけてやろう。次は負けるぜ！！！つД｀)･ﾟ･｡･ﾟﾟ･*:.｡..｡.:*･ﾟ
2010-06-21,22:44:34,900,ポルトガルはブラジルと引分でグループリーグ突破決定か。ポルトガルはブラジルの元宗主国だし（ブラジルの公用語はいうまでもなくポルトガル語）、ブラジルからポルトガルに帰化した選手もいるし、スコラリがポルトガル代表監督だったこともあるし、でき試合になるのかな？
2010-06-21,22:42:35,900,サッカーは詳しくないが、ポルトガル代表の監督カルロス・ケイロスはどっかで聞いたことある名前だが、名古屋グランパスエイトの監督だった人じゃないかな？
2010-06-21,22:40:52,900,北朝鮮の選手､ガチで炭鉱送りにされそうww RT @jfa_samuraiblue: 【グループG】 試合終了 ポルトガル代表 7-0 朝鮮民主主義人民共和国代表 #jfa2010
2010-06-21,22:40:35,900,いい試合だった RT @jfa_samuraiblue: 【グループG】 試合終了 ポルトガル代表 7-0 朝鮮民主主義人民共和国代表 #jfa2010
2010-06-21,22:40:28,900,3点目からの入り方がすごかった。 RT @jfa_samuraiblue: 【グループG】 試合終了 ポルトガル代表 7-0 朝鮮民主主義人民共和国代表 #jfa2010
2010-06-21,22:40:08,900,話を聞く感じ、ポルトガル代表に僕が入っていたとしても勝てた気がする
2010-06-21,22:39:42,900,北朝鮮国営放送、結果とかねつ造しそうな気も・・・・我が北朝鮮代表はポルトガル代表相手に大善戦。しかし一歩及ばず敗退となりました。　では、次のニュースです。　とか核心はいわないとか・・・
2010-06-21,22:39:16,900,なんという大虐殺… RT @jfa_samuraiblue: 【グループG】 試合終了 ポルトガル代表 7-0 朝鮮民主主義人民共和国代表 #jfa2010
2010-06-21,22:38:58,900,ポルトガル代表のケイロスってベンゲルの後にグランパスの監督やってたんだぜ！って言ったら何人信じるかな。そもそも、グランパスってベンゲル→ケイロスっていう監督交代した時期もあるんだぜ！って言っても信じて貰えなさそう。
2010-06-21,22:38:18,900,久々にポルトガル代表を見たら・・・ミゲウが代表復帰してる！！！！うれしーじゃないかぁーーー
2010-06-21,22:38:06,900,"古いわ、いつのサッカーやねん
RT @oui307: ポルトガル代表といえばデコやフィーゴやルイコスタなのに、もう誰一人といなかった。私も古い人間でしょうか…。RT @s2or ロナウドとアナウンサーが言うと、いまだにブラジルの金太郎頭のロナウドを思い出す私は古い人間でしょうか…"
2010-06-21,22:37:18,900,７点って…(゜_゜) RT @jfa_samuraiblue: 【グループG】 試合終了 ポルトガル代表 7-0 朝鮮民主主義人民共和国代表 #jfa2010
2010-06-21,22:37:05,900,ウワテが♡ RT @oui307 ポルトガル代表といえば、デコやフィーゴやルイコスタなのに、もう誰一人といなかった。私も古い人間でしょうか…。RT @s2or2 ロナウド、ロナウドとアナウンサーが言うと、いまだにブラジルの金太郎頭のロナウドを思い出す私は古い人間でしょうか…
2010-06-21,22:36:41,900,｡･ﾟ･(ﾉД`)･ﾟ･｡ RT @fronta10: しかも7-0で勝つと優勝できないぜ！ RT @hiyama: むかついたのでポルトガル代表に7-0の呪いをかけてやろう。次は負けるぜ！！！つД｀)･ﾟ･｡･ﾟﾟ･*:.｡..｡.:*･ﾟ
2010-06-21,22:36:22,900,しかも7-0で勝つと優勝できないぜ！ RT @hiyama: むかついたのでポルトガル代表に7-0の呪いをかけてやろう。次は負けるぜ！！！つД｀)･ﾟ･｡･ﾟﾟ･*:.｡..｡.:*･ﾟ
2010-06-21,22:35:55,900,この瞬間にポルトガル代表の7得点よりもウィンブルドンのフェデラーの苦戦の方がシンジラレナーイ！
2010-06-21,22:34:56,900,起きてきたら・・うはwwポルトガル本気出しやがったなぁ(-｡-;2002年のサウジ虐殺ショー思い出した(°д°|||)RT @jfa_samuraiblue: 【グループG】 試合終了 ポルトガル代表 7-0 朝鮮民主主義人民共和国代表 #jfa2010
2010-06-21,22:34:31,900,なんじゃそら。容赦ないな。RT @jfa_samuraiblue: 【グループG】 試合終了 ポルトガル代表 7-0 朝鮮民主主義人民共和国代表 #jfa2010
2010-06-21,22:34:15,900,今日のポルトガル代表：超次元サッカー
2010-06-21,22:33:54,900,ポルトガル代表の最多得点差が8-0だったので、危うくタイ記録になるところだったんだな…
2010-06-21,22:32:56,900,ポルトガル代表と北朝鮮代表が戦ってるけど、ホント薩英戦争って頑張ったんだなぁって思う。だってイギリス代表と鹿児島代表だぜ？そりゃあ自殺点決めるやつがいなかったとしても鹿児島は負けたけども結構頑張ったと思うよいやまじで善戦だったらしいじゃないか今の試合よりかは
2010-06-21,22:32:30,900,まじっすか!!?? RT @jfa_samuraiblue: 【グループG】 試合終了 ポルトガル代表 7-0 朝鮮民主主義人民共和国代表 #jfa2010
2010-06-21,22:32:08,900,C・ロナも背中トラップ決まって完璧な試合だったね〜。ポルトガル代表でサッカーしたら楽しいだろーなー
2010-06-21,22:32:00,900,後半６ゴールのお祭り状態でした！ RT @cecil1412: え?え?? RT @jfa_samuraiblue: 【グループG】 試合終了 ポルトガル代表 7-0 朝鮮民主主義人民共和国代表 #jfa2010
2010-06-21,22:31:00,900,子門三郎さん(ポルトガル代表)
2010-06-21,22:30:33,900,北朝鮮対ポルトガル、すごい試合だった（・д・|||） RT @jfa_samuraiblue 【グループG】 試合終了 ポルトガル代表 7-0 朝鮮民主主義人民共和国代表 #jfa2010
2010-06-21,22:30:33,900,Ｗ杯でこの点差って…グループＧ、次はブラジル×ポルトガルかぁ♪  RT @jfa_samuraiblue 【グループG】 試合終了 ポルトガル代表 7-0 朝鮮民主主義人民共和国代表 #jfa2010
2010-06-21,22:29:11,900,"ポルトガル代表といえば、デコやフィーゴやルイコスタなのに、もう誰一人と
いなかった。私も古い人間でしょうか…。RT @s2or2 ロナウド、ロナウドとアナウンサーが言うと、いまだにブラジルの金太郎頭のロナウドを思い出す私は古い人間でしょうか…"
2010-06-21,22:28:00,900,うわー。悲惨だー。RT @jfa_samuraiblue: 【グループG】 試合終了 ポルトガル代表 7-0 朝鮮民主主義人民共和国代表 #jfa2010
2010-06-21,22:27:39,900,RT @jfa_samuraiblue: 【グループG】 試合終了 ポルトガル代表 7-0 朝鮮民主主義人民共和国代表 #jfa2010
2010-06-21,22:27:37,900,え?え?? RT @jfa_samuraiblue: 【グループG】 試合終了 ポルトガル代表 7-0 朝鮮民主主義人民共和国代表 #jfa2010
2010-06-21,22:27:35,900,ポルトガルは大変なものを(ry　RT @jfa_samuraiblue: 【グループG】 試合終了 ポルトガル代表 7-0 朝鮮民主主義人民共和国代表 #jfa2010 #daihyo #2010wc
2010-06-21,22:26:47,900,"サッカーってこんな点数の入るスポーツだっけ？
RT @jfa_samuraiblue: 【グループG】 試合終了 ポルトガル代表 7-0 朝鮮民主主義人民共和国代表 #jfa2010"
2010-06-21,22:26:33,900,ポルトガル代表にフランシスコ・ザビエルいなかった？
2010-06-21,22:26:24,900,いや、私ポルトガル代表好きですよ。ロナウドのどや顔が気に食わないだけで。
2010-06-21,22:26:02,900,後半まさかのポルトガル大車輪。雨が止んでエンジン掛かったか。2流とか言ってスマンカッタ&gt;ポルトガル代表
2010-06-21,22:25:38,900,ポルトガルやりすぎだろｗ RT @jfa_samuraiblue: 【グループG】 試合終了 ポルトガル代表 7-0 朝鮮民主主義人民共和国代表 #jfa2010
2010-06-21,22:25:29,900,素晴らしい誕生日プレゼントだった、ありがとうポルトガル代表
2010-06-21,22:25:16,900,@_Y_U_K_I_C_ 私も結構前からポルトガル代表みてましたが、こんな点差ははじめてでしたねー。凄いです^^
2010-06-21,22:24:57,900,【グループG】 試合終了 ポルトガル代表 7-0 朝鮮民主主義人民共和国代表 #jfa2010
2010-06-21,22:24:56,900,@TMR15 あっ今「ミゲル」って言った！？ポルトガル代表にミゲルがいるようですよ！(^ε^)-☆
2010-06-21,22:24:42,900,@his_music ポルトガル代表のＣ.ロナウドです
2010-06-21,22:24:05,900,試合終了でーす。７―０でポルトガル代表が勝ちました。
2010-06-21,22:23:26,900,が～、見損ねました～。 RT @shigezo: C・ロナウド、ポルトガル代表で久しぶりのゴール。そして7-0になった件。
2010-06-21,22:22:57,900,ポルトガル代表は何も悪くないよ。彼らはスポーツマンシップに乗っ取ってフェアにプレイしてるだけだよ。その結果として選手達どころか彼等の一族郎党までもが皆殺しになるのを知らないんだもの
2010-06-21,22:22:56,900,リアルｗｗｗRT @mikaduki111: ｗｗｗ RT @takaidon （予想される北朝鮮国内での報道）「W杯で共和国代表は、ポルトガル代表と対戦し、互角の動きを見せました。選手たちは口々に、『このピッチに立てるのは偉大なる首領様のおかげです』と感動の面持ちでした。以上」
2010-06-21,22:22:43,900,ポルトガル代表やりすぎ・・・ｗ　北朝鮮の選手が将軍様にお仕置きされないか心配だ（＾＾；
2010-06-21,22:22:25,900,ポルトガル代表チームによる、ゴールの取り方教室でした。
2010-06-21,22:21:59,900,北朝鮮には悪いが。往年のポルトガル代表ファンの俺としては、ゴールデンカルテット以来の胸のすくような大勝だった。
2010-06-21,22:21:18,900,（予想される北朝鮮国内での報道）「W杯で共和国代表は、ポルトガル代表と対戦し、互角の動きを見せました。選手たちは口々に、『このピッチに立てるのは偉大なる首領様のおかげです』と感動の面持ちでした。以上」
2010-06-21,22:21:08,900,ポルトガル代表が祭りをしてくれて僕は嬉しい限りです
2010-06-21,22:20:46,900,あー、そっか。C.ロナウドってポルトガル代表か！忘れてた！
2010-06-21,22:20:31,900,ポルトガル代表は選抜基準に顔が入っているのか？なんだあのイケメンチーム。そして、北朝鮮の選手がこんなボロボロに負けて帰ったらどんな目に遭うか、もうちょっと思いやってやれー！うわーん！！
2010-06-21,22:20:06,900,七点取っても大喜びするんだね…なんか微笑ましさすら覚えるポルトガル代表。
2010-06-21,22:20:06,900,全盛期のポルトガル代表伝説
2010-06-21,22:18:34,900,サッカーポルトガル代表は広島東洋カープより得点力あるな
2010-06-21,22:18:27,900,ブラジル代表との死闘に全てを出し尽くした北朝鮮は次の試合ポルトガル代表にウソのように（ｒｙ
2010-06-21,22:18:02,900,C・ロナウド、ポルトガル代表で久しぶりのゴール。そして7-0になった件。
2010-06-21,22:17:58,900,ツイッター始めます！ポルトガル代表はイケメンいっぱいだ～
2010-06-21,22:17:44,900,なんかポルトガル代表いいやつらやな。クリロナみんなから慕われてそう。そして北朝鮮はかわいそうすぎる。
2010-06-21,22:17:02,900,ポルトガル代表が、パイレーツオブカリビアンの海賊に見える
2010-06-21,22:16:47,900,いやぁbotだと思ってたミゲルさんが攻撃的なポルトガル代表だった時は完全に度肝抜かれましたね
2010-06-21,22:16:44,900,ポルトガル代表イケメンばっかり(^ω^)
2010-06-21,22:15:39,900,噴いたww 得点力に頭抱えて悩んでいるポルトガル代表をご存知だからことの反応ww RT @__yasumoto__: 家に帰ってきました。また汗だく。ｔｖをつけた。ポルトガル…何があった…圧倒的じゃないか。
2010-06-21,22:15:13,900,【W杯_ポルトガルvs北朝鮮】後半40分経過。ポルトガル代表で1年以上点を獲っていないC.ロナウドはブラジル戦を前になんとか1点獲りたいという気持ちだろう。#2010wc
2010-06-21,22:14:13,900,@furituku 僕の誕生日にポルトガル代表がプレゼントを用意してくれてたんですよ
2010-06-21,22:13:05,900,それにしてもグランパスはすごい監督ぞろいだったなぁ... アーセン・ベンゲル（アーセナル）→カルロス・ケイロス（ポルトガル代表）→ドラガン・ストイコビッチ（Pixy（ピクシー））　#jleague #grampus
2010-06-21,22:12:36,900,あとはロナウドだけが入れられない、ポルトガル代表で１年半得点できていないとはかわいそう。ちょっと焦りの色も見える...#Wcup
2010-06-21,22:10:56,900,@ayoonhak デコさーん！！デコさんの名前の由来はポルトガル代表の選手ですか！？(^o^)
2010-06-21,22:10:51,900,５点目・・・。いかん、ポルトガル代表に怒りが沸々と（笑）
2010-06-21,22:10:47,900,@pato_gan あの頃のポルトガル代表は哀愁ただよう雰囲気の選手が多かったですね　黄金世代と言われてたけど、敗戦の黄昏が似合うようなチームで…いつの間にか好きになって応援するようになっていました
2010-06-21,22:10:32,900,クリロナはやっぱりマンUのユニフォームが似合うと思うのだが。というかポルトガル代表のユニフォームが似合わないイメージ #2010wc
2010-06-21,22:09:53,900,カルロス•ケイロスはたぶんグランパスでの経験が今のポルトガル代表監督の基礎を…（無いw
2010-06-21,22:07:49,900,ポルトガル代表のデコは伊織ちゃんとソックリさんだなー。
2010-06-21,22:04:54,900,ポルトガル代表に猫がいるのか！  と思ったらデコだった。
2010-06-21,22:02:51,900,ポルトガル代表はイケメン多いよ(*´∇｀)
2010-06-21,22:02:11,900,俺がポルトガル代表なら、このタイミングでスカイラブハリケーンとか試してみたい。この点差だったら許される。 #worldcup
2010-06-21,22:02:05,900,ポルトガル代表、絵人間多いね。 #worldcup
2010-06-21,22:00:33,900,ポルトガル代表のロナウドのシュートすげーっ！
2010-06-21,21:59:21,900,ポルトガル代表のデコと石野卓球て似とらん？
2010-06-21,21:58:41,900,後半だけで３点だー！さすが、ポルトガル代表だー！
2010-06-21,21:58:25,900,アネルカはリバプールでオーウェンと組んでアシストの快感を覚えたと言ったそうだけど、ロナウドはポルトガル代表ではこういう役回りで構わないと考えているのかな。 #soccer #2010wc
2010-06-21,21:57:26,900,そういえば、ポルトガル代表、モウチーニョ入ってないのか。 #por http://bit.ly/cJ5q7T #2010wc
2010-06-21,21:54:09,900,@maybee0209 ポルトガル代表の監督はそうでもないが、ポルトガル人のかっこいい有名監督はいるｗ
2010-06-21,21:54:00,900,そういえばポルトガル代表と北朝鮮代表って因縁あったよね。
2010-06-21,21:53:13,900,ポルトガル代表、ミゲルっていうとガンダムSEED、シモンっていうとグレンラガンを思ってしまう。
2010-06-21,21:52:17,900,がんばれポルトガル代表
2010-06-21,21:51:35,900,俄然、２０１４年ブラジルWCでモウリーニョ率いCロナウド擁するポルトガル代表を観て見たくなった　#worldcup
2010-06-21,21:50:47,900,ポルトガル代表チームが教える、点の取り方教室。
2010-06-21,21:48:16,900,でもネオポルトガル代表のジェスターガンダムはダサい。
2010-06-21,21:46:13,900,え、何。ポルトガル代表にシモンがいるんですか？（ｶﾞﾗｯ
2010-06-21,21:43:19,900,ポルトガル代表何あのトラップの巧さ！痺れるわぁ。
2010-06-21,21:42:47,900,今、サッカーのポルトガル×北朝鮮みてるんだけど。ポルトガルのキーパー「エドゥアルド」を「ベルナルド」と空耳して激しく動揺。母に「え？ベルナルド？今実況ベルナルドってゆったやんな！？＜ ＞＜ ＞」となった挙句わざわざポルトガル代表メンバーをググったなう。
2010-06-21,21:39:05,900,セルヒオ・ラモスがどこにいるのかと思ったら・・ぶ！ RT @kirara_: リカルド・コスタと最後のセルヒオラモスにふいた。　【Ｗ杯】イケメンが勢揃い！ イチ押しはポルトガル代表ミゲル、イケメン度トップはスペイン　http://bit.ly/c1by5u
2010-06-21,21:38:05,900,よく知ってますねw RT @nakazawa76 エウゼビオが得点！って古すぎるネタですね(笑)　RT @jfa_samuraiblue: 【グループG】 前半終了 ポルトガル代表 1-0 朝鮮民主主義人民共和国代表 #jfa2010
2010-06-21,21:36:23,900,ポルトガル代表はモンモン率高い
2010-06-21,21:31:28,900,こちらから好きなイケメンをお選び下さい。私はフェルナンドトーレス。RT @kirara_: リカルド・コスタと最後のセルヒオラモスにふいた。　【Ｗ杯】イケメンが勢揃い！ イチ押しはポルトガル代表ミゲル、イケメン度トップはスペイン　http://bit.ly/c1by5u
2010-06-21,21:23:14,900,FIFAランキング３位に北朝鮮善戦 RT @jfa_samuraiblue 【グループG】 前半終了 ポルトガル代表 1-0 朝鮮民主主義人民共和国代表 #jfa2010
2010-06-21,21:20:33,900,朝鮮民主主義人民共和国代表www北朝鮮でおk RT @jfa_samuraiblue: 【グループG】 前半終了 ポルトガル代表 1-0 朝鮮民主主義人民共和国代表  #jfa2010
2010-06-21,21:19:47,900,ウチになぜかポルトガル代表のタオルマフラーがある件
2010-06-21,21:19:31,900,あ、ポルトガル勝ってる RT @jfa_samuraiblue: 【グループG】 前半終了 ポルトガル代表 1-0 朝鮮民主主義人民共和国代表 #jfa2010
2010-06-21,21:19:21,900,ポルトガル代表の１６番、メイレレスの髪やばくないか
2010-06-21,21:19:20,900,エウゼビオが得点！って古すぎるネタですね(笑)　RT @jfa_samuraiblue: 【グループG】 前半終了 ポルトガル代表 1-0 朝鮮民主主義人民共和国代表 #jfa2010
2010-06-21,21:19:02,900,頑張れチョンテセ‼RT @jfa_samuraiblue 【グループG】 前半終了 ポルトガル代表 1-0 朝鮮民主主義人民共和国代表 #jfa2010
2010-06-21,21:18:09,900,【グループG】 前半終了 ポルトガル代表 1-0 朝鮮民主主義人民共和国代表 #jfa2010
2010-06-21,21:13:47,900,アーセンは僕の教祖wRT @tetsuo14 ポルトガル代表監督、カルロス・ケイロスも僕の恩師。僕の師匠でもあるアーセン・ヴェンゲルの、名古屋グランパス時代の後任監督。
2010-06-21,21:13:04,900,僕の教祖wRT @tetsuo14 ポルトガル代表監督、カルロス・ケイロスも僕の恩師。僕の師匠でもあるアーセン・ヴェンゲルの、名古屋グランパス時代の後任監督。
2010-06-21,21:12:24,900,雨の中、ご苦労様ですね♪でも面白い展開ですね♪ RT @tetsuo14: ポルトガル代表監督、カルロス・ケイロスも僕の恩師。僕の師匠でもあるアーセン・ヴェンゲルの、名古屋グランパス時代の後任監督。
2010-06-21,21:11:48,900,ポルトガル代表監督、カルロス・ケイロスも僕の恩師。僕の師匠アーセン・ヴェンゲルの、名古屋グランパス時代の後任監督。 5秒以内前 webで
2010-06-21,21:11:22,900,ポルトガル代表の顔の濃さがすごい。
2010-06-21,21:10:14,900,ネオポルトガル代表の未来にならないミ・エーカー、モテる男の思い出。
2010-06-21,21:09:48,900,雨のポルトガル代表といえば日韓WＣのポーランド戦を思い出します。あの、ルイコスタの、美しいグランダーのパス RT @yomoken2002: やはり雨が多い冬のケープタウン。日本代表がここでやらなくてつくづく良かった。 #2010wc
2010-06-21,21:04:37,900,ポルトガル代表デコ＝田井中律：パワフルなシュートを撃つが、走りすぎてよくオフサイドになる
2010-06-21,21:02:54,900,ポルトガル代表にミゲルがいる！ジラレナイシン！
2010-06-21,21:02:44,900,サッカーのポルトガル代表選手、イケメン多すぎないか？ポルトガル系の顔っていいな～セクシー。…なんか最近発言がゲイじみてきたな。
2010-06-21,21:02:16,900,ポルトガル代表の彼、雨のせいで髪の毛が残念なことに
2010-06-21,21:00:45,900,ポルトガル代表先制！スルーパス上手い！
2010-06-21,21:00:09,900,ポルトガル代表もC・ロナウドしかわからない…と思ったらチアゴがいた。この顔は覚えてる。しかしポルトガルはフィーゴとかルイコスタとかヌーノ・ゴメスのイメージ…
2010-06-21,20:58:33,900,ポルトガル代表対北朝鮮代表テレビ観戦中！おっ！雨やね〜…技術力が出るから見応えあるよ！
2010-06-21,20:52:09,900,ポルトガル代表：デコ＝田井中律
2010-06-21,20:51:13,900,ちなみに私はポルトガル代表好きだよ。
2010-06-21,20:50:54,900,"@yskmas_k_66 

君がポルトガル代表だったら見に行ったのに(笑)"
2010-06-21,20:50:18,900,水も滴るｲｲ男@ﾎﾟﾙﾄｶﾞﾙ代表
2010-06-21,20:50:09,900,ポルトガル代表、もし負けたら、偉大な先人を見習って世界一周航海に出てもらいますからね！
2010-06-21,20:49:18,900,ポルトガル代表のサッカーはつまらなくなったなあ。
2010-06-21,20:42:45,900,"サッカーポルトガル代表のジャージきてる人いた
サポーターかな？？"
2010-06-21,20:40:40,900,こうなると日本ってネーデルガンダムに負けたことになるんだな… QT @knighthalt: ネオポルトガル代表のジェスターガンダムVSネオ北朝鮮代表のシャザイトバイショーガンダムか……いい試合になりそうだな！
2010-06-21,20:38:24,900,ネオポルトガル代表のジェスターガンダムVSネオ北朝鮮代表のシャザイトバイショーガンダムか……いい試合になりそうだな！
2010-06-21,20:36:15,900,ポルトガル代表、みんなイケメンだなぁ～　#worldcup
2010-06-21,20:34:02,900,ポルトガル代表にミゲルさんがいる・・・じゃあ今postしてるミゲルさんは、誰・・・？
2010-06-21,20:33:25,900,"@MigeruP みげるく～ん♪
ポルトガル代表の右サイドバックでワールドカップ出場しちゃってるの～？w
裏山すぃ～なぁ～♪w"
2010-06-21,20:31:04,900,ポルトガル代表は、やっぱり 7 クリスチアーノ・ロナウドかな
2010-06-21,20:29:05,900,ポルトガル代表の国家のヘタさにビックリ！！
2010-06-21,20:28:15,900,ポルトガル代表にみげるんがいる。
2010-06-21,20:26:37,900,サッカーポルトガル代表の面々のＶシネ色が強すぎる件
2010-06-21,20:26:17,900,帰ってきて気づいたこと。今日はさつかーでドラマがないこと。ポルトガル代表の歌がバラバラすぎること。
2010-06-21,20:26:07,900,@IDOLort6  優れた選手だと思うんだけど、どこがダメなんかしら。  ポルトガル代表のスタイルに合ってないかんじ？
2010-06-21,20:25:55,900,"ポルトガル代表の国家斉唱。
キーパーはいつも気合ほとばしってる。いいぞ！"
2010-06-21,20:25:53,900,ポルトガル代表国歌斉唱下手過ぎて笑ったwww
2010-06-21,20:25:44,900,ポルトガル代表のカルロス・ケイロス監督は、かつてグランパスで指揮を執っていた監督だから、グラサポとしてはポルトガルを激しく応援する。
2010-06-21,20:25:32,900,いいねーいいねー！ポルトガル代表の国歌斉唱！元気はつらつ！
2010-06-21,20:25:27,900,ポルトガル代表の音痴揃いっぷりにダツボウ。
2010-06-21,20:24:52,900,@cafedinerstyle 　じゃ書きます　いまポルトガル代表が国家を歌ってますｗ　今日ぜーんぜんTwitterチェックしてなかったんですよね　面接行ってましたー！
2010-06-21,20:24:34,900,ポルトガル代表音痴⁈
2010-06-21,20:22:48,900,ポルトガル代表といえばロナウドじゃなくてデコだけどな～あれ、デコいない…
2010-06-21,20:21:25,900,"C・ロナウド：さ～ポルトガルＶＳ北朝鮮はじまるよ～

Ｃ・ロナウドには期待してます、１年４カ月ポルトガル代表では得点はないものの

存在感が圧倒的に違う

グループＧは死の組みと言われてる

…http://yaplog.jp/voices/archive/107 #yaplog"
2010-06-21,20:06:39,900,そんな機能がテレビにあるの？あ、そういえばウチにもあったような気がする。操作方法おぼえてないけど。 @yuahide よし、２画面で寅さんとポルトガル代表を同時に見よう。
2010-06-21,20:00:32,900,よし、２画面で寅さんとポルトガル代表を同時に見よう。
2010-06-21,20:00:19,900,20:10 フジテレビ FIFAワールドカップグループG#30 ポルトガル代表-北朝鮮代表
2010-06-21,19:50:22,900,19:55 スカチャンHD799[e2] FIFAワールドカップグループG#30 ポルトガル代表-北朝鮮代表
2010-06-21,19:50:20,900,19:55 スカチャン181 FIFAワールドカップグループG#30 ポルトガル代表-北朝鮮代表
2010-06-21,19:50:18,900,19:55 スカチャンHD191 FIFAワールドカップグループG#30 ポルトガル代表-北朝鮮代表
2010-06-21,19:17:24,900,サッカー＝ポルトガル監督、「ケープタウンの呪い破る」: 　［ケープタウン（南アフリカ）　２０日　ロイター］　サッカーのワールドカップ（Ｗ杯）南アフリカ大会１次リーグＧ組で、２１日に北朝鮮と対戦するポルトガル代表のカルロス・ケイロ... http://bit.ly/dwLnD3
2010-06-21,18:58:07,900,一太君と一緒♪カワユス☆ご飯はちゃんとよく「噛んで」くださいねw ポルトガル代表には直接のお知り合いはいるのですか？ RT @somatakahito 今からスカパーで解説ぅー！控え室でネギトロ丼食います。噛まないように気を付けよっと。
2010-06-21,17:59:42,900,ゆっくり飲みながら、ワールドカップ見ませんか？本日は注目の選手ポルトガル代表クリスチャーノロナウドのプレイをみんなで観戦しましょ！
2010-06-21,17:43:14,900,本日ワールドカップサッカー北朝鮮代表対ポルトガル代表戦放映！
2010-06-21,17:42:27,900,本日ワールドカップサッカー北朝鮮代表対ポルトガル代表戦放映！
2010-06-21,17:05:22,900,ロボットニュース速報α : 元ポルトガル代表ルイス・フィーゴが中国紙を告訴。「一言もコメントしてないのに中国では僕の発言が」 http://blog.livedoor.jp/robotnews/archives/51546141.html
2010-06-21,16:06:18,900,@seri_dieci ドイツ、スペイン、イングランド、フランス、イタリア…欧州各国はみんな心配ですねぇ。シーズン疲れが出てるのかも。モウリーニョ、例えリバポに来たとしても腰掛け扱いですぐいなくなりそうで…。本命はマンユかポルトガル代表監督、と思ってます。
2010-06-21,14:57:21,900,今日こそはポルトガル代表、輝きを取り戻してほしい。
2010-06-21,14:51:42,900,ポルトガル代表のＣ・ロナウド「北朝鮮戦ではきっちり結果を出す」 http://ff.im/-mqHB7
2010-06-21,13:37:56,900,【NEWS】 ポルトガル代表のＣ・ロナウド「北朝鮮戦ではきっちり結果を出す」 http://bit.ly/9W3Gl1
2010-06-21,13:37:53,900,[soccer] ポルトガル代表のＣ・ロナウド「北朝鮮戦ではきっちり結果を出す」 http://tinyurl.com/3y7tvuf
2010-06-21,13:36:08,900,[Y!スポーツ]ポルトガル代表のＣ・ロナウド「北朝鮮戦ではきっちり結果を出す」（スポーツナビ） http://bit.ly/aqFCd0
2010-06-21,13:33:04,900,ポルトガル代表のＣ・ロナウド「北朝鮮戦ではきっちり結果を出す」: ポルトガル代表主将のクリスティアーノ・ロナウドは２０日の記者会見で、翌日に行われるグループＧ第２戦の北朝鮮戦への意気込みを語った。「最も難しい試合はすでに終わった... http://bit.ly/aUQy5i
2010-06-21,13:23:33,900,ポルトガル代表のＣ・ロナウド「北朝鮮戦ではきっちり結果を出す」: ポルトガル代表主将のクリスティアーノ・ロナウドは２０日の記者会見で、翌日に行われるグループＧ第２戦の北朝鮮戦への意気込みを語った。「最も難しい試合はすでに終わった... http://bit.ly/9W3Gl1
2010-06-21,12:42:33,900,これから1ヶ月ぶりの整体に。(ちなみに先生は元ポルトガル代表フィーゴ似) いつもオーリングテストで私の身体に足りない栄養素を教えてくれる。先月は｢モリブデンが足りてない｣モリブデン…？｢脱脂粉乳に入ってるから｣15年通ってこんなにときめかない栄養素はなかった。
2010-06-21,12:30:26,900,ポルトガル代表のＣ・ロナウド「北朝鮮戦ではきっちり結果を出す」 :: http://bit.ly/bVF6nZ
2010-06-21,12:13:25,900,ポルトガル代表のＣ・ロナウド「北朝鮮戦ではきっちり結果を出す」 http://dlvr.it/1tpCC
2010-06-21,12:06:03,900,ポルトガル代表のC・ロナウド「北朝鮮戦ではきっちり結果を出す」 （スポーツナビ） http://bit.ly/ch9OHO
2010-06-21,11:59:19,900,【スポナビ  - サッカー】 ポルトガル代表のＣ・ロナウド「北朝鮮戦ではきっちり結果を出す」 ➤ http://am6.jp/cMYvoc
2010-06-21,11:57:32,900,【サッカー】ポルトガル代表のＣ・ロナウド「北朝鮮戦ではきっちり結果を出す」 http://tinyurl.com/2waf3xm
2010-06-21,09:54:02,900,ブラジルが勝利したか。。今夜は頼んだぞポルトガル代表！ 俺と同じくポルトガルを応援してる人、オラに元気を分けてくれ！
2010-06-21,08:03:49,900,うちではポルトガル代表のミゲル（黒人の方）を「いとこ」と呼んでいる。明日は出場するのかな～？
2010-06-21,05:15:30,900,[Y!海外]＜W杯＞元ポルトガル代表のフィーゴ、コメント捏造の中国紙を告訴へ―中国メディア（Record China） http://bit.ly/bjGye4
2010-06-21,00:21:40,900,ポルトガル代表デコ、北朝鮮戦欠場 - ポルトガル代表のデコが、月曜日の北朝鮮戦を欠場することになった。カルロス・ケイロス監督は20日、デコが臀部の負傷で欠場す... http://bit.ly/aJWKdP
2010-06-20,23:49:39,900,ええぇ～(&gt;_&lt;) RT @plutoatom: ポルトガル代表デコ、北朝鮮戦欠場　http://bit.ly/bSuAYH
2010-06-20,23:45:21,900,ポルトガル代表デコ、北朝鮮戦欠場　http://bit.ly/bSuAYH
2010-06-20,23:30:50,900,え・・・ポルトガルはデコがいてこそなんだけど・・・ QT @NEWS_0 ポルトガル代表デコ、北朝鮮戦欠場 http://bit.ly/djVL6r
2010-06-20,23:28:05,900,【NEWS】 ポルトガル代表デコ、北朝鮮戦欠場 http://bit.ly/djVL6r
2010-06-20,23:28:05,900,ポルトガル代表デコ、北朝鮮戦欠場 http://bit.ly/djVL6r
2010-06-20,23:17:28,900,ポルトガル代表デコ、北朝鮮戦欠場 http://dlvr.it/1t4VT
2010-06-20,22:40:29,900,FOOTBALL WEEKLY : ポルトガル代表デコ、北朝鮮戦欠場 http://footballweekly.jp/archives/1397846.html
2010-06-20,19:31:00,900,"""元ポルトガル代表のフィーゴ、コメント捏造の中国紙を告訴へ"" http://bit.ly/bu7i7u"
2010-06-20,19:12:53,900,【サッカーW杯】元ポルトガル代表のフィーゴ、コメント捏造の中国紙を告訴へ―中国メディア http://dlvr.it/1srjy
2010-06-20,19:07:55,900,【サッカーW杯】元ポルトガル代表のフィーゴ、コメント捏造の中国紙を告訴へ―中国メディア http://dlvr.it/1srS3
2010-06-20,18:55:42,900,【サッカーW杯】元ポルトガル代表のフィーゴ、コメント捏造の中国紙を告訴へ―中国メディア http://live28.2ch.net/test/read.cgi/news4plus/1277027073/
2010-06-20,18:52:13,900,【サッカーW杯】元ポルトガル代表のフィーゴ、コメント捏造の中国紙を告訴へ―中国メディア http://dlvr.it/1sqsJ
2010-06-20,18:47:08,900,【サッカーW杯】元ポルトガル代表のフィーゴ、コメント捏造の中国紙を告訴へ―中国メディア http://www.2nn.jp/news4plus/1277027073/
2010-06-20,18:45:08,900,【サッカーW杯】元ポルトガル代表のフィーゴ、コメント捏造の中国紙を告訴へ―中国メディア[06/20] http://live28.2ch.net/test/read.cgi/news4plus/1277027073/ #eaplus
2010-06-20,18:15:06,900,(´艸｀)おじけづいたな   &gt;&gt; 元ポルトガル代表のフィーゴ、コメント捏造の中国紙を告訴へ  http://mokuba.biz/2c/?i=1277018296dp #ニュース
2010-06-20,18:04:51,900,＜W杯＞元ポルトガル代表のフィーゴ、コメント捏造の中国紙を告訴へ―中国メディア http://dlvr.it/1snkx
2010-06-20,17:58:45,900,"[Tw][サッカー][元ポルトガル代表フィーゴ]
【サッカー】元ポルトガル代表フィーゴ、中国スポーツ紙『体壇週報』提訴へ…「全くで…
http://twitter.com/2NN/statuses/16603860090"
2010-06-20,17:54:49,900,【サッカー】元ポルトガル代表フィーゴ、中国スポーツ紙『体壇週報』提訴へ…「全くでまかせのコメントを掲載」と激怒: at 芸スポ+ 板  / HOT http://bit.ly/dnTwSP
2010-06-20,17:28:43,900,【サッカー】元ポルトガル代表フィーゴ、中国スポーツ紙『体壇週報』提訴へ…「全くでまかせのコメントを掲載」と激怒 http://dlvr.it/1slSP
2010-06-20,17:28:32,900,【サッカー】元ポルトガル代表フィーゴ、中国スポーツ紙『体壇週報』提訴へ…「全くでまかせのコメントを掲載」と激怒 http://dlvr.it/1slSP
2010-06-20,17:28:21,900,【サッカー】元ポルトガル代表フィーゴ、中国スポーツ紙『体壇週報』提訴へ…「全くでまかせのコメントを掲載」と激怒 http://dlvr.it/1smH0
2010-06-20,17:25:50,900,【サッカー】元ポルトガル代表フィーゴ、中国スポーツ紙『体壇週報』提訴へ…「全くでまかせのコメントを掲載」と激怒 http://dlvr.it/1slSP
2010-06-20,17:24:31,900,2NN 【サッカー】元ポルトガル代表フィーゴ、中国スポーツ紙『体壇週報』提訴へ…「全くでまかせのコメントを掲載」と激怒:  http://bit.ly/azynkx
2010-06-20,17:18:45,900,[2NN] 【サッカー】元ポルトガル代表フィーゴ、中国スポーツ紙『体壇週報』提訴へ…「全くでまかせのコメントを掲載」と激怒:  http://url4.eu/4lKKp
2010-06-20,17:15:23,900,【サッカー】元ポルトガル代表フィーゴ、中国スポーツ紙『体壇週報』提訴へ…「全くでまかせのコメントを掲載」と激怒 http://live28.2ch.net/test/read.cgi/mnewsplus/1277021115/
2010-06-20,17:11:03,900,[芸＋] 【サッカー】元ポルトガル代表フィーゴ、中国スポーツ紙『体壇週報』提訴へ…「全くでまかせのコメントを掲載」と激怒 http://dlvr.it/1slSP
2010-06-20,17:10:56,900,[芸＋] 【サッカー】元ポルトガル代表フィーゴ、中国スポーツ紙『体壇週報』提訴へ…「全くでまかせのコメントを掲載」と激怒 http://dlvr.it/1slSP
2010-06-20,17:06:06,900,【サッカー】元ポルトガル代表フィーゴ、中国スポーツ紙『体壇週報』提訴へ…「全くでまかせのコメントを掲載」と激怒 http://www.2nn.jp/mnewsplus/1277021115/
2010-06-20,16:53:19,900,元ポルトガル代表のフィーゴ、コメント捏造の中国紙を告訴へ http://tinyurl.com/3xclqac
2010-06-20,16:50:48,900,＜W杯＞元ポルトガル代表のフィーゴ、コメント捏造の中国紙を告訴へ―中国メディア（Record China）:  http://bit.ly/bszNBO
2010-06-20,16:46:21,900,うゎ！すごいんですね～！ありがとうございました！ RT @gratube: @reppis55 オーストラリア代表のケネディも日本代表の川島、韓国代表のキム・ジョンウ、北朝鮮代表のアン・ヨンハ、ポルトガル代表の監督カルロス・ケイロスも
2010-06-20,16:45:03,900,＜W杯＞元ポルトガル代表のフィーゴ、コメント捏造の中国紙を告訴へ―中国メディア（Record China） http://bit.ly/aao6By
2010-06-20,16:35:33,900,[netallica] ＜W杯＞元ポルトガル代表のフィーゴ、コメント捏造の中国紙を告訴へ―中国メディア:  http://bit.ly/a6BcTW
2010-06-20,16:35:06,900,"[2ch/痛いニュース+] 元ポルトガル代表のフィーゴ、コメント捏造の中国紙を告訴へ 勢:1,066 #2ch http://bit.ly/bIlSSQ"
2010-06-20,15:12:25,900,@reppis55 オーストラリア代表のケネディもグランパスの選手ですよ。日本代表の川島、韓国代表のキム・ジョンウ、北朝鮮代表のアン・ヨンハ、ポルトガル代表の監督カルロス・ケイロスもグランパスにいたことがあります。
2010-06-20,11:02:20,900,@oricon0519 おりえええええ！発狂しすぎ(・∀・)!!レポート終わりません(´▽｀)てか！ポルトガル代表のミゲル・ヴェローゾやばい！いけめん！
2010-06-20,09:45:06,900,サッカーポルトガル代表 の記事ができたよ。 http://bit.ly/9F8vbv 094505
2010-06-20,00:15:00,900,アサモアってポルトガル代表にいたからついつい反応してしまうな
2010-06-19,23:57:55,900,@camiyu デコの事をそう言って貰えると自分が褒められてる様で嬉しいです！たしかに当時はロナウジーニョが居たのでデコの存在というのが表には出てなかったですよね。ケイロスは元白いチームの監督でしたからねww　ポルトガル代表とデコには頑張って欲しいです！！
2010-06-19,22:40:17,900,ポルトガル代表ミゲル好きな人っている？
2010-06-19,18:29:20,900,ポルトガル代表監督ってカルロス・ケイロスだったのか。この人、名古屋の監督の中では実はベンゲル以上の経歴だわね。
2010-06-19,18:13:27,900,神保町の書店にいたポルトガル代表のシャツを着たお爺さん…Ｃ・ロナウドファン!?すごく気になる。
2010-06-19,17:35:30,900,@usagi25R そっか、ポルトガル代表のゲームシャツ着てくりゃよかった(シャツ違い
2010-06-19,13:27:59,900,アディダスか？ RT @mappa509: ヒントはimpossible is nothing.RT @31Q3_m: ポルトガル代表！ RT @mappa509: 仕事終わり。山手線に乗ったらアドトレインだったんだけど、さて一体何の広告でしょうか？
2010-06-19,12:01:37,900,ヒントはimpossible is nothing.RT @31Q3_m: ポルトガル代表！ RT @mappa509: 仕事終わり。山手線に乗ったらアドトレインだったんだけど、さて一体何の広告でしょうか？
2010-06-19,08:47:26,900,昨日腹筋をやりすぎたのか、朝から腹筋が痛い。ちなみにポルトガル代表のクリスティアーノ・ロナウドは毎日3000回腹筋するそうです。自分だと何時間かかるのでしょうか...
2010-06-19,02:07:24,900,元だと韓国代表・金正友、北朝鮮代表・安英学も。スゴイ！RT @monsterengineerカメルーン戦で一気にヒーローになった本田と川島は、二人とも元グランパスの選手。昔から見てるからなんだかとても嬉しい！(略）ポルトガル代表監督のケイロス監督も元グランパス！ #grampus
2010-06-18,20:43:08,900,おや？ポルトガル代表 フィーゴですか？知恵袋を検索してみます。http://bit.ly/8Z75ta （＾▽＾）／
2010-06-18,19:23:37,900,@germany_11 アンゲンチャナ(*_*) お見舞いにポルトガル代表のユニ買って！スペインでもいいよー。
2010-06-18,15:00:30,900,"【ポルトガル代表】MFデコはコートジボワール戦後のケイロス監督との確執を否定！http://www.skysports.com/story/0,19528,11095_6209760,00.html"
2010-06-17,23:37:09,900,ポルトガル代表のC.ロナウド腹筋3000回だって！
2010-06-17,22:18:30,900,ポルトガル代表のユニフォーム、赤が基調の方が好きだったな〜
2010-06-17,22:00:01,900,@tietomikago @asansm @wildglass デルピエロももちろんスキだった！それよりインザーギがスキだった。でもFCポルト＆ポルトガル代表のGKだったバイーアがイチバンスキでしたhttp://bit.ly/dx6p3i
2010-06-17,20:37:27,900,なんとなくポルトガル代表の名前が薬の名前に聞こえる気がする
2010-06-17,20:13:31,900,今更ながらイエロのいないスペイン代表とフィ−ゴがいないポルトガル代表はちっと寂しい。
2010-06-17,19:42:46,900,サッカーワールドカップ、ポルトガル代表クリスティアーノ・ロナウドが小島よしおに見えるのはボクだけでしょうか？パンツ一丁も共通点。
2010-06-17,13:03:43,900,【めも】ポルトガル代表のシモン(11)はＦＷ、デコ(20)はＭＦ
2010-06-17,12:56:05,900,"サッカーが盛り上がれば盛り上がるたびに、俺とデコ(ポルトガル代表)の類似性が話題にあがる現状。そういやブロスの特集でブサメンサッカー選手第一位だった。  幸せになってみせる。
 http://p.twipple.jp/PxVXD"
2010-06-17,12:49:59,900,ウルグアイ代表のエース・フォルランは叫ぶと松野明美に似ている。ポルトガル代表のデコは戦場写真家の渡部陽一さんに似ている。日本の岡田武史監督はこけしに似ている。
2010-06-17,08:33:05,900,一瞬ポルトガル代表のリエジソンと見間違えた。 － http://number.bunshun.jp/articles/-/29903
2010-06-17,02:17:34,900,ポルトガル代表の試合結果に関しては「なんとも言えない」的空気が漂っています。
2010-06-17,00:22:59,900,@gin_mat なｗｗぜｗｗｗそうなるｗｗｗｗ。しかも後者はポルトガル代表だぞｗｗ
2010-06-17,00:12:47,900,先制点を決めたフェルナンデス情報「カーボベルデ出身で、ポルトガル語に英語、フランス語、ドイツ語、スペイン語、イタリア語を操る秀才。ポルトガル代表のマヌエウフェルナンデスはいとこ」サッカーの事、あんまり関係ない。 #2010wc #worldcup #esp #sui
2010-06-16,23:21:29,900,ポルトガル代表で内紛か、デコがケイロス監督にキレる（スポーツナビ） | http://newsflashnewsflash.seesaa.net/article/153486751.html
2010-06-16,23:16:51,900,ポルトガル代表で内紛か、デコがケイロス監督にキレる（スポーツナビ） | http://news365daysact.seesaa.net/article/153486423.html
2010-06-16,23:10:04,900,ポルトガル代表で内紛か、デコがケイロス監督にキレる（スポーツナビ） http://twitternews.jugem.jp/?eid=1081 #jugem_blog
2010-06-16,23:00:23,900,ポルトガル代表で内紛か、デコがケイロス監督にキレる（スポーツナビ） http://twitternewstw.jugem.jp/?eid=1007 #jugem_blog
2010-06-16,23:00:17,900,ポルトガル代表で内紛か、デコがケイロス監督にキレる（スポーツナビ） http://newsflash365.jugem.jp/?eid=14536 #jugem_blog
2010-06-16,22:53:17,900,ポルトガル代表で内紛か、デコがケイロス監督にキレる（スポーツナビ） http://newsprovider.jugem.jp/?eid=10485 #jugem_blog
2010-06-16,22:51:11,900,ポルトガル代表で内紛か、デコがケイロス監督にキレる（スポーツナビ） http://newsprovider.jugem.jp/?eid=10474 #jugem_blog
2010-06-16,22:49:36,900,"ポルトガル代表、クリスティアーノ･ロナウドかっこいい(≧∇≦) ポルトガルの試合いつだろなあ←
サッカー興味ないけどwww
だって、ルール難しい(゜∇゜)"
2010-06-16,22:44:36,900,W杯の外国人選手は大体英語でインタビューに答えてる。ポルトガル代表もコートジボワール代表も。やっぱり英語か。語学力って大きいな。
2010-06-16,22:42:43,900,ポルトガル代表で内紛か、デコがケイロス監督にキレる（スポーツナビ） http://news24special.jugem.jp/?eid=1443 #jugem_blog
2010-06-16,22:34:19,900,似てる！RT @matazaemon: ポルトガル代表だったフィーゴって、若林豪に似てると思うんだが。
2010-06-16,22:23:37,900,ポルトガル代表だったフィーゴって、若林豪に似てると思うんだが。
2010-06-16,22:12:33,900,そうそう　ふがいないポルトガル代表もとりあえず爆発しろ！そして反省してブラジル戦に臨め！
2010-06-16,20:36:11,900,今回のポルトガル代表、試合見たけどだめだ。敗者復活代表だけある。北朝鮮の試合ぷりを見てさらに落ちこみ中 #worldcup
2010-06-16,20:20:11,900,"テレビ放送予定を更新 ポルトガル代表,北朝鮮代表,スペイン代表,スイス代表,グループG1位,グループH2... http://soccer.phew.homeip.net/schedule/tv/"
2010-06-16,19:28:02,900,元ポルトガル代表ザビエルの履歴見渡したら初めて見た試合はユーロ２０００の決勝だった。ザビエル可哀そうだったな。。
2010-06-16,19:25:30,900,その昔元ポルトガル代表のザビエルがハリウッドからオファーと聞いたとき絶対にモーゼ役だと思った。結局なんだったんだろ？
2010-06-16,19:22:46,900,サッカー選手のキャラ立ちでは元ポルトガル代表のザビエルが一番凄かった。ユーロで初めて見た時はしばらく頭が真っ白になったくらいのインパクト。
2010-06-16,18:57:09,900,クリロナとポルトガル代表の監督が昨日の試合のジャッジで文句言ってるみたいだけど、審判は絶対だからね｡｡そんなことで文句言うようじゃまだまだ一流ねフットボーラーじゃないね
2010-06-16,18:25:15,900,これから男声合唱。眠い、ひたすら眠い。　ポルトガル代表のクリスティーナ・ロナウドとデコのコンビは凄いと思う。　特に顔・・・
2010-06-16,18:13:03,900,クリロナとじゃなかったんだ、安心。RT @Total_Football_ デコが激白！ポルトガル代表に内紛ぼっ発か？　http://bit.ly/b3Db9i　#2010wc #worldcup
2010-06-16,18:02:55,900,/ ポルトガル代表で内紛か、デコがケイロス監督にキレる #2010wc - http://southafrica2010.yahoo.co.jp/news/ndetail/20100616-00000010-spnavi-socc デコが正しい！！#2010wc #por
2010-06-16,18:00:38,900,デコが激白！ポルトガル代表に内紛ぼっ発か？　http://bit.ly/b3Db9i　#2010wc #worldcup
2010-06-16,17:50:32,900,どこも大変そう。 「ポルトガル代表で内紛か、デコがケイロス監督にキレる」 http://bit.ly/c96KYz
2010-06-16,17:50:09,900,18:00 NHK衛星第一 FIFAワールドカップグループG#13 コートジボアール代表-ポルトガル代表
2010-06-16,17:40:39,900,[Y!スポーツ]ポルトガル代表のケイロス監督「完全に試合を支配していた」（スポーツナビ） http://bit.ly/bifoEF
2010-06-16,17:40:33,900,[Y!スポーツ]ポルトガル代表で内紛か、デコがケイロス監督にキレる（スポーツナビ） http://bit.ly/bHQfcs
2010-06-16,17:33:28,900,"ポルトガル代表選手　背番号
|#soccer|
GK 
1 エドゥアルド・カルバーリョ
EDUARDO
→

http://fan-soccer.net/worldcup2010/yybbs.cgi?room=portugal&mode=allno&no=928"
2010-06-16,17:20:50,900,東京Vの川勝監督は「選手がケイロスのことをなめてる」と話してました。こういうことか…。　/ポルトガル代表で内紛か、デコがケイロス監督にキレる #2010wc - http://bit.ly/cTGgzd
2010-06-16,16:42:51,900,/ ポルトガル代表で内紛か、デコがケイロス監督にキレる #2010wc - http://southafrica2010.yahoo.co.jp/news/ndetail/20100616-00000010-spnavi-socc
2010-06-16,16:19:26,900,ポルトガル代表のケイロス監督って、昔グランパスの監督だった人だよね？
2010-06-16,15:52:31,900,デコも怒ってる！　ポルトガル代表で内紛か、デコがケイロス監督にキレる http://bit.ly/dcoyxC
2010-06-16,15:46:46,900,そういやポルトガル代表ってみんな音痴だったなｗｗ
2010-06-16,15:05:42,900,やっぱカルロスケイロスは監督向きじゃないと思うんだよねえRT @eurofootball: ポルトガル代表で内紛か、デコがケイロス監督にキレる http://efj.platenes.com/entry/102182/
2010-06-16,14:51:36,900,ミゲル・ヴェローゾ＠ポルトガル代表　違反すぎる格好よさ、そしてサッカーうまい　はーぁ( ´Д｀)=3
2010-06-16,14:45:58,900,RT @sn_soccer 今日も盛りだくさんです。午後コラムの１本目はポルトガル代表についてです。昨夜の試合をご覧になった皆さん、今大会でポルトガルはどこまでいくのでしょうか？ コートジボアールvsポルトガル　http://bit.ly/9gQa8a　#por
2010-06-16,14:36:02,900,今日も盛りだくさんです。午後コラムの１本目はポルトガル代表についてです。昨夜の試合をご覧になった皆さん、今大会でポルトガルはどこまでいくのでしょうか？　http://bit.ly/dfBYND #2010wc
2010-06-16,14:11:20,900,「航海士たち」の船出に、まだ視界は晴れず＝今大会のポルトガル代表は期待に応えるか  http://am6.jp/b6GK7l
2010-06-16,13:50:04,900,個人的にはポルトガルはエリクソン監督の術にはまり込んでいた様に見えてましたが…RT @worldcup_japan  ポルトガル代表のケイロス監督「完全に試合を支配していた」 http://bit.ly/aAETLm http://bit.ly/b82FOY
2010-06-16,13:46:05,900,【サッカー/W杯】ポルトガル代表で内紛か？デコがケイロス監督にキレる: at 芸スポ+ 板 http://bit.ly/b7NBuv
2010-06-16,13:42:04,900,[Sportsnavi] Ｃ・ロナウド「審判の判定が理解できないことがある」: ポルトガル代表主将のクリスティアーノ・ロナウドは、１５日に行われたコートジボワール戦終了後のインタビューに応じた。試合は０−０の引き分けに終わったも... http://bit.ly/9r5rLY
2010-06-16,13:42:03,900,Ｃ・ロナウド「審判の判定が理解できないことがある」: ポルトガル代表主将のクリスティアーノ・ロナウドは、１５日に行われたコートジボワール戦終了後のインタビューに応じた。試合は０−０の引き分けに終わったものの、前半１１分には約３０... http://bit.ly/9r5rLY
2010-06-16,13:42:02,900,Ｃ・ロナウド「審判の判定が理解できないことがある」: ポルトガル代表主将のクリスティアーノ・ロナウドは、１５日に行われたコートジボワール戦終了後のインタビューに応じた。試合は０−０の引き分けに終わったものの、前半１１分には約３０... http://bit.ly/aw355m
2010-06-16,13:41:58,900,ポルトガル代表
2010-06-16,13:41:25,900,Ｃ・ロナウド「審判の判定が理解できないことがある」: ポルトガル代表主将のクリスティアーノ・ロナウドは、１５日に行われたコートジボワール戦終了後のインタビューに応じた。試合は０−０の引き分けに終わったものの、前半１１分には約３０... http://bit.ly/a5PAld
2010-06-16,13:38:28,900,最後の代表仕事。後悔しないようやって欲しいです / ポルトガル代表で内紛か、デコがケイロス監督にキレる #2010wc - http://southafrica2010.yahoo.co.jp/news/ndetail/20100616-00000010-spnavi-socc
2010-06-16,13:34:42,900,【サッカー/W杯】ポルトガル代表で内紛か?デコがケイロス監督にキレる http://dlvr.it/1lRzN
2010-06-16,13:33:01,900,ポルトガル代表のデコの本名はアンデルソン・ルイス・デ・ソウザ。
2010-06-16,13:31:42,900,デコならそうくると思ってたよなあ　ケイロスはねえよなあ・・　　 / ポルトガル代表で内紛か、デコがケイロス監督にキレる  http://bit.ly/dnQn0y
2010-06-16,13:22:54,900,【サッカー/W杯】ポルトガル代表で内紛か?デコがケイロス監督にキレる http://live28.2ch.net/test/read.cgi/mnewsplus/1276661779/
2010-06-16,13:21:28,900,[2NN] 【サッカー/W杯】ポルトガル代表で内紛か?デコがケイロス監督にキレる:  http://url4.eu/4YsPJ
2010-06-16,13:07:58,900,ポルトガル代表好きなんだけどユニフォームは昔から好きじゃなかった　でも今回のAWAYユニはいい感じ
2010-06-16,12:59:49,900,ポルトガル代表のケイロス監督「完全に試合を支配していた」 （スポーツナビ） http://bit.ly/d9LLNb
2010-06-16,12:58:37,900,@suzukiizuo サッカーポルトガル代表のクリスチアーノ　ロナウドというイケメンさんですよ☆
2010-06-16,12:46:45,900,ポルトガル代表で内紛か、デコがケイロス監督にキレる （スポーツナビ） http://bit.ly/bTjEWi
2010-06-16,12:44:02,900,うん。俺もそう思う　/ ポルトガル代表で内紛か、デコがケイロス監督にキレる #2010wc - http://southafrica2010.yahoo.co.jp/news/ndetail/20100616-00000010-spnavi-socc
2010-06-16,12:42:22,900,【NEWS】 ポルトガル代表のケイロス監督「完全に試合を支配していた」 http://bit.ly/aAETLm
2010-06-16,12:42:22,900,[Sportsnavi] ポルトガル代表のケイロス監督「完全に試合を支配していた」: ポルトガル代表のカルロス・ケイロス監督は、１５日に行われたコートジボワール戦がスコアレスドローに終わったことに対し、「引き分けは妥当だった」と... http://bit.ly/aAETLm
2010-06-16,12:42:21,900,ポルトガル代表のケイロス監督「完全に試合を支配していた」: ポルトガル代表のカルロス・ケイロス監督は、１５日に行われたコートジボワール戦がスコアレスドローに終わったことに対し、「引き分けは妥当だった」とコメントした。「引き分けに... http://bit.ly/aAETLm
2010-06-16,12:42:20,900,[soccer] ポルトガル代表のケイロス監督「完全に試合を支配していた」 http://tinyurl.com/3xeqlkx
2010-06-16,12:42:00,900,ポルトガル代表のケイロス監督「完全に試合を支配していた」: ポルトガル代表のカルロス・ケイロス監督は、１５日に行われたコートジボワール戦がスコアレスドローに終わったことに対し、「引き分けは妥当だった」とコメントした。「引き分けに... http://bit.ly/aUegoZ
2010-06-16,12:41:19,900,/ ポルトガル代表で内紛か、デコがケイロス監督にキレる #2010wc - http://southafrica2010.yahoo.co.jp/news/ndetail/20100616-00000010-spnavi-socc
2010-06-16,12:38:43,900,【サッカー】ポルトガル代表で内紛か、デコがケイロス監督にキレる http://tinyurl.com/38zuusv
2010-06-16,12:35:04,900,ポルトガル代表で内紛か、デコがケイロス監督にキレる http://bit.ly/aGxPTC #f14s_biz
2010-06-16,12:33:45,900,ファイト！ ポルトガル代表で内紛か、デコがケイロス監督にキレる（スポーツナビ） http://dlvr.it/1lNN9 #sports
2010-06-16,12:33:45,900,ポルトガル代表で内紛か、デコがケイロス監督にキレる（スポーツナビ） http://dlvr.it/1lNNG
2010-06-16,12:33:43,900,ポルトガル代表のケイロス監督「完全に試合を支配していた」（スポーツナビ） http://dlvr.it/1lNNL
2010-06-16,12:31:35,900,ポルトガル旅行とポルトガル代表は別でした。やっぱり。
2010-06-16,12:28:41,900,【サッカー】ポルトガル代表のケイロス監督「完全に試合を支配していた」 http://tinyurl.com/24oqubj
2010-06-16,11:17:18,900,今日は眠い。昨日ポルトガル代表の試合も、日本代表みたいな試合だったしね。
2010-06-16,11:01:30,900,クリスチアーノロナウドがSEXYとか言われてますが、歴代のポルトガル代表で一番SEXYさを感じたのはルイコスタである。あの顔がたまらない
2010-06-16,10:06:03,900,昨日眠気と戦いながらポルトガル代表の試合見たけど、そういう時スコアレスドローだったら、何か悲しいよね…
2010-06-16,09:45:41,900,ポルトガル代表のカルロス・ケイロス監督「技術よりも勝利への執念こそが大事だ」
2010-06-16,09:45:18,900,W杯1次リーグ：コートジボワール代表-ポルトガル代表 http://bit.ly/cv9lIh 【Blog更新】
2010-06-16,09:21:10,900,@rabbimoon ポルトガル代表　クリスティアーノ・ロナウド＝クリスちゃんですね。　一度生で見てみたいですわ。。。
2010-06-16,08:46:32,900,というかポルトガル代表に小島よしお顔が数人いる模様 RT @mainte2: C・ロナウドと小島よしおがにている件
2010-06-16,08:30:05,900,"試合日程を更新 スロバキア代表,ニュージーランド代表,ポルトガル代表,コートジボアール代表... http://soccer.phew.homeip.net/schedule/match/list/"
2010-06-16,08:17:08,900,ポルトガル代表　ユニ　アウェー　ナイキ正規品 http://page4.auctions.yahoo.co.jp/jp/auction/d106172759 #yauc
2010-06-16,08:16:50,900,ポルトガル代表　ユニ　ホーム　ナイキ正規品 http://page7.auctions.yahoo.co.jp/jp/auction/g84971610 #yauc
2010-06-16,06:50:04,900,Cロナウドはスゴイと思うけど、セルジオ・コンセイソンとフェルナンド・コウトがいた頃のポルトガル代表の方が好きだ！！！カッコ良かった！もちろんルイ･コスタもヌノ・ゴメスもいたし～ついでにフィーゴも♪
2010-06-16,06:29:59,900,このあと７時20分過ぎのスポーツグッドストーリーは、サッカーポルトガル代表のクリスティアーノ・ロナウド選手です。クリスチアーノって呼ぶ人もいますね。 #gd1242
2010-06-16,06:12:38,900,コートジボワールの戦い方を嘆くＣ・ケイロス: ワールドカップ（Ｗ杯）大会５日目のグループＧ第１節で、ポルトガルはコートジボワールと対戦し、０−０で試合を終えた。ポルトガル代表を率いるカルロス･ケイロス監督は、コートジボワールの守... http://bit.ly/bUTrws
2010-06-16,05:56:59,900,[Qoly] ポルトガル代表 出場選手採点表 （vs コートジボワール戦） http://bit.ly/dAen1k #daihyo #crow2010
2010-06-16,05:56:20,900,けがでポルトガル代表を外れたナニが１週間で回復？　代表離脱の謎深まる（スポ… http://newsprovider.jugem.jp/?eid=9955 #jugem_blog
2010-06-16,05:56:00,900,ポルトガル代表のケイロス監督「技術よりも勝利への執念こそが大事だ」（スポー… http://newsprovider.jugem.jp/?eid=9953 #jugem_blog
2010-06-16,05:55:28,900,けがでポルトガル代表を外れたナニが１週間で回復？　代表離脱の謎深まる（スポ… http://newsprovider.jugem.jp/?eid=9950 #jugem_blog
2010-06-16,05:55:06,900,ポルトガル代表のケイロス監督「技術よりも勝利への執念こそが大事だ」（スポー… http://newsprovider.jugem.jp/?eid=9948 #jugem_blog
2010-06-16,05:53:03,900,"@Negitaroo 
クリスチアーノロナウドって
ポルトガル代表でしょ！！

私は昔からイタリア代表がいいの！！
もう ピルロしかいないのね…
(´ﾉωﾉ`)ﾒｿﾒｿ"
2010-06-16,05:48:47,900,ポルトガル代表のケイロス監督「技術よりも勝利への執念こそが大事だ」（スポー… http://news24special.jugem.jp/?eid=1179 #jugem_blog
2010-06-16,05:47:02,900,けがでポルトガル代表を外れたナニが１週間で回復？　代表離脱の謎深まる（スポ… http://twitternews.jugem.jp/?eid=791 #jugem_blog
2010-06-16,05:46:36,900,ポルトガル代表のケイロス監督「技術よりも勝利への執念こそが大事だ」（スポー… http://twitternews.jugem.jp/?eid=790 #jugem_blog
2010-06-16,05:41:56,900,けがでポルトガル代表を外れたナニが１週間で回復？　代表離脱の謎深まる（スポ… http://twitternewstw.jugem.jp/?eid=716 #jugem_blog
2010-06-16,05:41:35,900,ポルトガル代表のケイロス監督「技術よりも勝利への執念こそが大事だ」（スポー… http://twitternewstw.jugem.jp/?eid=715 #jugem_blog
2010-06-16,05:41:09,900,ポルトガル代表C.ロナウドの名言「ゴールはケチャップのようなものだ。出るときはたくさん出る」。あー…オムライスに絵描こうとして”ボフッ！”ってなるやつね。C.ロナウドもそんな地味な失敗を経験したのかと思うと可笑しい。
2010-06-16,05:40:30,900,けがでポルトガル代表を外れたナニが１週間で回復？　代表離脱の謎深まる（スポ… http://newsflash365.jugem.jp/?eid=14233 #jugem_blog
2010-06-16,05:40:12,900,ポルトガル代表のケイロス監督「技術よりも勝利への執念こそが大事だ」（スポー… http://newsflash365.jugem.jp/?eid=14232 #jugem_blog
2010-06-16,04:06:34,900,ドログバ、ブラジル戦は先発希望: コートジボワール対ポルトガルはスコアレスドローに終わったが、ポルトガル代表のカルロス・ケイロス監督は試合後、ドログバの出場について苦言を呈した。ドログバは大会前の日本戦で肘を骨折したが、わずか1... http://bit.ly/9RESYy
2010-06-16,03:58:04,900,このツイートが注目されています！→【グループG】 試合終了 コートジボワール代表 0-0 ポルトガル代表  http://bit.ly/cLMuE7 #followmejp #sougofollow
2010-06-16,02:09:41,900,ポルトガル代表のデコをずっと前から僕は気になっている。凄く巧い選手。
2010-06-16,01:32:18,900,コートジボワール 0-0 ポルトガル。引き分けに終わったのは、ドログバの骨を折ったトゥーリオの責任です。本当にすいませんでした。コートジボワール良いチームでした。一方、神聖ルイ・コスタ様もフィーゴもバイーアもいないポルトガル代表になんざ全く興味はない。
2010-06-16,01:31:53,900,ミゲルのいないポルトガル代表はあまり興味がわかん。
2010-06-16,01:15:23,900,試合観てないけど！ロナウドまたもや得点できず？ “@jfa_samuraiblue: 【グループG】 試合終了 コートジボワール代表 0-0 ポルトガル代表 #jfa2010”
2010-06-16,01:10:07,900,RT @jfa_samuraiblue 【グループG】 試合終了 コートジボワール代表 0-0 ポルトガル代表 #jfa2010
2010-06-16,01:07:59,900,@kyanpichi イケメンイケメン♪ポルトガル代表だったんですね！ ロナウドやらロナウジーニョなんかがいたからすっかりC･ロナウドもブラジル代表だと思ってました(苦笑)
2010-06-16,01:02:29,900,デコ、Ｗ杯後にポルトガル代表引退 - Goal.com: http://www.goal.com/jp/news/125/ワールドカップ/2010/02/05/1776632/デコｗ杯後にポルトガル代表引退?sms_ss=twitter via @addthis
2010-06-16,01:01:11,900,ユーロ96とかユーロ2000のポルトガル代表の思い出に浸りながら寝る。懐古厨ですもの。
2010-06-16,00:59:30,900,ケガで欠場のポルトガル代表・ナーニーやっちまったな！　コートジボワール強い…。ドログバが回復すれば、優勝も狙えるかも。 #mainichirt_fb
2010-06-16,00:59:12,900,あぁ…クリロナはマンＵに比べてポルトガル代表だと合わせてくれる選手が少ないのかもな…
2010-06-16,00:57:22,900,ポルトガル引き分けかよ〜(-_-) ポルトガル代表 DECOとHOOBASTANKのvocalダグラスがクリソツな件について http://ameblo.jp/taddtadakatsu
2010-06-16,00:56:24,900,スコアレスドローだけど、楽しかった。ぽんぽんパスするチーム好き。ポルトガル代表イケメン率高し。ねる。 #worldcup #2010wc
2010-06-16,00:54:45,900,はぁ～、疲れた・・。今回の大会は見てて疲れる試合が多いわ(^_^;) QT @jfa_samuraiblue: 【グループG】 試合終了 コートジボワール代表 0-0 ポルトガル代表 #jfa2010
2010-06-16,00:53:04,900,うーん、引き分けかぁ。今大会引き分けが多いな。 RT @jfa_samuraiblue 【グループG】 試合終了 コートジボワール代表 0-0 ポルトガル代表 #jfa2010
2010-06-16,00:52:31,900,RT @jfa_samuraiblue: 【グループG】 試合終了 コートジボワール代表 0-0 ポルトガル代表 #jfa2010
2010-06-16,00:52:09,900,Ｃ・ロナウドがポルトガル代表と今回のWCで知ってびっくりしてるのは、ブラジル代表のロナウドのイメージが強すぎるせいかと…ｗ
2010-06-16,00:51:52,900,@SHUYA_Mizuno ポルトガル代表にしゅっちゃにそっくりな選手がおったよ！
2010-06-16,00:51:49,900,良い試合だった。RT @jfa_samuraiblue 【グループG】 試合終了 コートジボワール代表 0-0 ポルトガル代表 #jfa2010
2010-06-16,00:51:12,900,【グループG】 試合終了 コートジボワール代表 0-0 ポルトガル代表 #jfa2010
2010-06-16,00:50:22,900,01:00 NHK衛星第一 FIFAワールドカップグループG#13 コートジボアール代表-ポルトガル代表
2010-06-16,00:35:10,900,ポルトガル代表にリア・ディゾンみたな名前のヤツおるね。
2010-06-16,00:34:12,900,ルイ・コスタとフィーゴのいないポルトガル代表に違和感を覚える俺、オッサン世代･･･
2010-06-16,00:28:53,900,ポルトガル代表かっこええな～～
2010-06-16,00:24:18,900,おぉー、ドログバ来たかー。しかしやっぱりポルトガル代表の伝統的な攻撃の美しさは素晴らしい。
2010-06-16,00:24:16,900,もっちん。オイラはポルトガル代表似合うぢぇヽ(´ー｀)ノ。 http://bit.ly/av60FF
2010-06-16,00:19:48,900,ポルトガル代表ではルイコスタが圧倒的に好きな選手。
2010-06-16,00:18:45,900,リエヂソンがポルトガル代表でプレーするの初めてみる。
2010-06-16,00:16:37,900,やっとシモン出た。頑張れサブローザ、デコとともに元バルサ戦士達よ!! でも現バルサ戦士のトゥーレ・ヤヤを応援してるからポルトガル代表ファンとして複雑。勝手にややこしい。
2010-06-16,00:16:25,900,ポルトガル代表シモンです。カミナはいません。
2010-06-16,00:16:16,900,００ユーロ、０２Ｗ杯、０４ユーロのポルトガル代表が大好き
2010-06-16,00:15:12,900,ポルトガル代表イケメン多いなぁ。
2010-06-16,00:14:22,900,今テレビでやってるサッカーポルトガル代表Ｃ.ロナウドを母が勧めてくる。お金持ちだからって。どんな親だ。笑
2010-06-16,00:14:14,900,「よく見りゃ似てる！？」：デコ（ポルトガル代表）とチャルメラおじさん。
2010-06-16,00:12:56,900,ポルトガル代表の見所はクリロナでもデコでもなく、カルロス・ケイロス監督。お久しぶりです。あ〜、他所の試合は楽しいな〜。
2010-06-16,00:11:42,900,ポルトガル代表デコ選手 と 電気グルーヴ石野卓球さん 似てません⁈か。
2010-06-16,00:11:35,900,ナニのプレイじゃねーよ RT @anago_cj4a: １１人全員についてますよﾆﾔﾆﾔRT @soopoo119: ポルトガル代表でナニのプレーを見たかったなぁ…ほんと残念だわ #WorldCup #por #2010wc
2010-06-16,00:09:30,900,ポルトガル代表でナニのプレーを見たかったなぁ…ほんと残念だわ #WorldCup #por #2010wc
2010-06-15,23:57:48,900,リオハ美味です☆引退した元ポルトガル代表フィーゴいい選手でした♪RT @linsbarポルトガルＶＳコートジボワール戦みていて、ワインを飲もうとしたけど、スペイン産しかなく・でもお隣だからいいか。Ｓｉｇｎｏ　ＲＩＯＪＡ　ＣＲＩＡＮＺＡ２００６。まいうー。外側が麻で包まれたワイン
2010-06-15,23:57:37,900,今更ながら、ポルトガル代表ってチェルシーの選手めちゃめちゃ多いな…
2010-06-15,23:57:02,900,思わず言ってみたくなる名前シリーズ「リカルド・カルヴァーリョ」（ポルトガル代表）
2010-06-15,23:55:22,900,ポルトガル代表は何気に男前ぞろい。
2010-06-15,23:55:20,900,蹴鞠のルールなんざよく知らんし、WCの楽しみっつったら目の保養だべさ！RT @doitusiki: イケメンにかどわかされるRT @kisaragi5: どんな奴だとRT @doitusiki: アケヲがそんなヤツだとwRT @kisaragi5: ポルトガル代表のイケメンっぷり
2010-06-15,23:55:12,900,RT @TakuyaJINNO ポルトガルと言えばもうひとつ、ユーロ1984フランス大会のポルトガル代表で確か右サイドバッグはシャラーナだったか！？
2010-06-15,23:54:50,900,今、W杯見てるよ！実はクリスティアーノ・ロナウド(ポルトガル代表)と私の誕生日が一緒です！！
2010-06-15,23:54:41,900,ポルトガル代表シモン・サ風呂ーザ
2010-06-15,23:52:55,900,ジョジも日本代表目指せ!! RT @josimar_9: ポルトガル代表でブラジル人３人いる！！
2010-06-15,23:47:59,900,RT @jfa_samuraiblue: 【グループG】 前半終了 コートジボワール代表 0-0 ポルトガル代表 #jfa2010
2010-06-15,23:46:17,900,【グループG】 前半終了 コートジボワール代表 0-0 ポルトガル代表 #jfa2010
2010-06-15,23:42:16,900,@figue_amere 河島英五ですね。もう亡くなってたんだ彼。今日は疲れたのでもう帰ってきました。ポルトガル代表デコ（ブラジルから国籍取得）の眉毛はどれだけ繋がっているか確認してから寝ます。
2010-06-15,23:39:14,900,いまは、ロナウドと言えば、ポルトガル代表ですねー。 RT @cavallino_jp: それはブラジル代表　RT @satto125: もうＣつけないで、ロナウドでいいじゃん #2010wc #daihyo #nhk
2010-06-15,23:38:24,900,ポルトガル代表って、こんなにパスが下手だっけ？まだ調子が出てないのかな。
2010-06-15,23:38:00,900,C・ロナウドがいるポルトガル代表が試合じゃん！と、今TVをつけたがコートジボワールも流れがいいな… #2010wc
2010-06-15,23:37:56,900,これまでのポルトガル代表で一番好きな選手は、C.ロナウドでもフィーゴでもなく、リカルド・ペレイラ。2004EUROのPKは今も忘れてない。素手、雄叫び、自らのキック…。前回Ｗ杯のイングランド戦のPKも。野球は捕手、サッカーはキーパー、バレーはセッターというポジションの選手が好き。
2010-06-15,23:37:10,900,どんな奴だと思ってたのかwRT @doitusiki: アケヲがそんなヤツだとは思わなかったっ！！wRT @kisaragi5: ポルトガル代表のイケメンっぷりにやられているなう。にわか似非サッカーバカ蔵。
2010-06-15,23:36:53,900,C.ロナウドの圧倒的速さと、デコのゆる〜いプレーの対比が面白いポルトガル代表。
2010-06-15,23:35:20,900,ポルトガル代表、頑張れっ！！
2010-06-15,23:34:39,900,アフリカの選手ってどこもなんか凄い 動きはや！！！ポルトガル代表かっこいい人多いなぁ
2010-06-15,23:33:22,900,なっ、なっ！RT @ryulily 実は、Cロナウドがポルトガル代表の選手とさっき知ったばかりｗ
2010-06-15,23:31:31,900,前のポルトガル代表だと、フェルナンド・コウトとか好きだた。後ろ目の選手が好きなんだろか(・∀・;)
2010-06-15,23:28:19,900,前から思ってたんだが、ポルトガル代表のデコとHOOBASTANKのvocalはクリソツ
2010-06-15,23:28:13,900,ポルトガル代表はFUCKFUCK言い過ぎ！(笑)
2010-06-15,23:28:10,900,ポルトガル対コートジボワールちょい見中。なかなか膠着状態。クリスティアーノロナウドはスペイン人だとずっと思っていた。ポルトガル代表だったとは。Wiki見たら一日3000回腹筋するとか書いてあるだんけど、ほんまかいな。
2010-06-15,23:26:44,900,うーん、今のポルトガル代表はちょっとちがうなぁ。ゴールデンエイジのときが好きでした・・・
2010-06-15,23:26:34,900,昔レアルにいた選手で、ポルトガル代表の・・。だれだっけ？デコと同じようにポルトガル人顔のやつ！左サイドのMFだったかな？思い出せない
2010-06-15,23:26:01,900,ポルトガル代表に極道がいる件。彫り物的な意味で。
2010-06-15,23:25:54,900,ポルトガル代表のイケメンっぷりにやられているなう。にわか似非サッカーバカ蔵。
2010-06-15,23:25:26,900,ポルトガル代表はティンピラの集まりみたいだな。
2010-06-15,23:23:31,900,ポルトガル代表のユニフォームかっこいい。
2010-06-15,23:23:30,900,ポルトガル代表の背番号16：メイレレスのタトゥーは、タトゥーのレベルをこえてる(笑)
2010-06-15,23:22:54,900,ポルトガル代表に、見事なタトゥーを入れている人がいる。。。名前知らないけど（汗；）あのタトゥー、ホントに入れてるのか、シールを貼ってるのか、小宇宙が高まると浮かび上がるのか、謎だわ。 #2010wc
2010-06-15,23:22:45,900,ポルトガルvs.コートジボワール戦なう。ポルトガル代表から、ナニが離脱してるのはホント残念。
2010-06-15,23:22:41,900,ポルトガル代表かっこよすぎるだろ常考。
2010-06-15,23:21:53,900,実は、Cロナウドがポルトガル代表の選手とさっき知ったばかりｗ
2010-06-15,23:19:35,900,ポルトガル代表のユニフォームは身体にフィットしたやつじゃない。一昔前のだね。
2010-06-15,23:18:41,900,クアレスマのいないポルトガル代表なんて・・・。
2010-06-15,23:16:52,900,@jircoGemgema デコにもがんばってもらいましょう☆ ヤマユウはポルトガル代表を応援しております。
2010-06-15,23:16:06,900,ポルトガル代表の２番‥沢村一樹&#8263;
2010-06-15,23:16:06,900,大好きなポルトガル代表を応援ちゅ
2010-06-15,23:15:27,900,"ポルトガル代表のメッシは子供の頃、すごく小さかった。医者に診せたら成長ホルモンの分泌異常だったっていう話をテレビで見た。
うちの次男もすごくチビなんで心配になった。
一度医者に診せよう。
#kodomo"
2010-06-15,23:15:20,900,日本代表にラモスや三都主や闘莉王がいたりして、実質日本人じゃないやんとおもっていた。けど、ポルトガル代表やスペイン代表にブラジル人で国籍とって代表入りした人もいることをしって、なんだ、いろんなところにいるんだとしって、ラモスをより好きになった。そしてATOKとぅーりお漢字変換OK
2010-06-15,23:14:22,900,ポルトガル代表10番DANNY。ポルトガル頑張れ！(贔屓)
2010-06-15,23:13:52,900,ポルトガル代表頑張れー
2010-06-15,23:13:37,900,"@ayapanchiii ポルトガル代表のスーパースター、Ｃ.ロナウドだよ
サッカー今やってます！ http://yfrog.com/b8smkj"
2010-06-15,23:12:33,900,ポルトガル代表のデコのヒゲは｢アゴ無しゲンとオレ｣を実写化したゲンさんのそれだ。ロナウドもケンヂに見えてきた。
2010-06-15,23:12:22,900,ポルトガル対コートジボワール試合開始。一番好きなサッカー選手の一人のポルトガル代表クリスティアーノ・ロナウドのフリーキック。ゴールからはかなり遠いが気にせず無回転シュート。。。と言っていたらポストに当たるすばらしいシュートだ！
2010-06-15,23:10:15,900,ポルトガル代表のナニが見たかった。 #sbm_wc http://bit.ly/sbm-wc
2010-06-15,23:09:22,900,やばい。ポルトガル代表がカッコよすぎて、冷静に試合見れない。
2010-06-15,23:08:17,900,ポルトガル代表のデコとナニはいいコンビだと思う。「おいデコ助！」「ナニ！この野郎！」でまず一掴み。その後「怒るでコラ！」「家帰ってオナニーでもしてろや！」と胸倉を掴みかかり「チュ♡」まで行くとポルトガル人大爆笑。一人涼しい顔のＣ・ロナウド。
2010-06-15,23:08:17,900,ポルトガル代表よりもコートジボアール代表の方が男前多い。
2010-06-15,23:08:00,900,サッカー観戦なう。コートジボワールvsポルトガル。C.ロナウドってポルトガル代表なのね。
2010-06-15,23:07:17,900,あれ？たしか今日は、ポルトガル代表が出てこなかったっけ？
2010-06-15,23:07:08,900,"石崎君どこー？ QT @ShoKimura_ @jo2eet ナニ（ルイス・カルロス・アウメイダ・ダ・クーニャ ""ナニ""）がいないポルトガル代表は岬太郎のいない南葛SCみたいなもんだ。"
2010-06-15,23:07:02,900,デコはすっかりポルトガル代表になったな。最初帰化したときは一悶着あったけど。 #2010wc
2010-06-15,23:06:27,900,ポルトガル代表には輝きを取り戻してほしい。でもケイロスって監督としてはパッとしないし心配だなー。
2010-06-15,23:06:16,900,親近感がわくポルトガル代表の名前。　ダニ、デコ、ベト、ペペ、ナニ。
2010-06-15,23:03:51,900,@jetstrong @agitos442 久しぶりに見たもんポルトガル代表とかww　他のメンバーは異論なかったのかな…あいつの指示とかイラっとしないのかな…
2010-06-15,23:03:06,900,"ポルトガル代表選手。キックオフからみんなシャツを出してます。パンツにしまいなさいって監督に怒られて来なかったのか。
全員イエローカードだ。"
2010-06-15,22:59:59,900,ポルトガル代表イケメンばかりじゃないか！
2010-06-15,22:59:58,900,眠いんですが、テレビではポルトガル代表クリスチアーノ・ロナウドが！！ちょっと見よう
2010-06-15,22:59:53,900,ポルトガル代表みんなで国歌熱唱してるのにC・ロナウドだけ歌ってねーー
2010-06-15,22:59:25,900,ポルトガル代表スゲーメンバーだな・・・
2010-06-15,22:59:16,900,ロナウドがポルトガル代表なのを今知ったｗｗｗ
2010-06-15,22:58:26,900,親父、ポルトガル代表みて、『こいつがセバスチャンか』誰？ #worldcup #2010wc #soccer
2010-06-15,22:58:15,900,ポルトガル代表試合は結構好きなんだ俺
2010-06-15,22:57:33,900,国歌対決は、自分的には引き分けです。どっちも好きな感じ。ただ、ポルトガル代表の歌唱力にやや難があると見たが！  #civ #por #2010wc #fctokyo #nhk
2010-06-15,22:57:30,900,ポルトガル代表音痴www
2010-06-15,22:57:16,900,フィーゴのいないポルトガル代表はまだちょっと寂しい。
2010-06-15,22:56:53,900,ポルトガル代表音痴？？ロナウドは歌わない。。
2010-06-15,22:56:41,900,ポルトガル代表、音痴だな…（笑）
2010-06-15,22:55:44,900,ポルトガル代表の小島よしお、クリスティアーノ・ロナウド
2010-06-15,22:54:49,900,さてさて、ポルトガル代表の登場ですかー。
2010-06-15,22:53:44,900,ポルトガル代表のジャージカッコヨス。オレには似合わないんだろーなー、
2010-06-15,22:53:23,900,C=ロナウドにデコか。ナニがいなくてもワクワクするな。ポルトガル代表というとルイ・コスタの印象が強いんだけど、この大会で「ポルトガルと言えばC=ロナウド」ってな感じになるように頑張って欲しいなぁー
2010-06-15,22:52:57,900,なんで卓球がポルトガル代表に！？と思ったら、デコだった（お約束）
2010-06-15,22:50:49,900,ポルトガル代表スタメン：エドゥアルド；アウベス、フェレイラ、カルバーリョ、コエントラン；ペドロ メンデス、メイレレス、デコ、ダニー　、クリスチアーノ ロナウド；リエジソン、#wc2010 #por
2010-06-15,22:50:47,900,さて、ポルトガル対コートジボアール。ドイツ代表と逆に、クラブで良くても代表ではパフォーマンスが落ちる印象があるポルトガル代表の選手ですが、どうでしょうか。ブレーメンのアルメイダがスタメンでないのは残念。コートジボアールは、ガーナに続けるでしょうか。風呂入ってから途中より見ますｗ
2010-06-15,22:50:37,900,そういえば今回のポルトガル代表にGKリカルドいないのな　年か　前回の大会でのあいつ川口より凄かったのに　PK4本中3本止めて決められた一本も一応触ってたとかアホだったわ
2010-06-15,22:50:21,900,ポルトガル代表：デコ。りっちゃんやないか！（オイ）
2010-06-15,22:49:31,900,"RT @dream_source: 【サッカー】コートジボワール vs ポルトガルまであと30分。サッカーワールドカップ２０１０グループリーグG組。
ポルトガル代表の活躍をみんなで採点しましょう。→
http://bit.ly/cC6hP1 #2010wc #por"
2010-06-15,22:48:59,900,ついに来たぜ我等がポルトガル代表！！ #WorldCup #2010wc #por
2010-06-15,22:48:23,900,まぁ僕はポルトガル代表ではデコが一番好きですけど。
2010-06-15,22:48:19,900,ポルトガル!!!!! 代表にはもういないけどフィーゴが好きだー！顔濃いけどっ 笑
2010-06-15,22:47:47,900,"RT @dream_source: 【サッカー】コートジボワール vs ポルトガルまであと30分。サッカーワールドカップ２０１０グループリーグG組。
ポルトガル代表の活躍をみんなで採点しましょう。→
http://bit.ly/cC6hP1 #2010wc #por"
2010-06-15,22:47:29,900,"ポルトガルが一番気になるけど、北朝鮮とブラジルのカードも、ある意味気になる。
 RT @adidasFTB_jp 「ニュージーランド代表vsスロバキア代表」「コートジボワール代表vsポルトガル代表」「ブラジル代表vs北朝鮮代表」みなさんは、どのカードに注目してますか？？"
2010-06-15,22:46:13,900,ドログバは一応ベンチにいるのかな。ポルトガル代表をじっくり見よう。
2010-06-15,22:46:07,900,@yamasics 11時からﾎﾟﾙﾄｶﾞﾙ代表の試合では、名前を連呼されると思うので観てください♪速くて強くてカッコいいです!!
2010-06-15,22:43:29,900,"RT @dream_source: 【サッカー】コートジボワール vs ポルトガルまであと30分。（NHK総合）サッカーワールドカップ２０１０グループリーグG組。
ポルトガル代表の活躍をみんなで採点しましょう。→
http://bit.ly/cC6hP1 #2010wc #por"
2010-06-15,22:41:43,900,カレスマとも呼ばれるクアレスマ(ポルトガル代表落選)が早々にインテルからベシクタシュへ。この人のビッグクラブ(バルサ、インテル、レンタル先のチェルシー)における残念さの度合いはスゴイ。
2010-06-15,22:41:09,900,始まるよー。#2010WC RT @j_tv: 22:45 NHK総合 FIFAワールドカップグループG#13 コートジボアール代表-ポルトガル代表
2010-06-15,22:40:17,900,22:45 NHK総合 FIFAワールドカップグループG#13 コートジボアール代表-ポルトガル代表
2010-06-15,22:38:41,900,"いよいよ始まる。ポルトガル代表歴代ユニフォーム（adidas→OLIMPIC→NIKE）
Portugal national football team kit chronicle
http://goo.gl/wtUU #2010wc"
2010-06-15,22:37:32,900,おっと　ポルトガル代表　Ｔシャツ着ようかな #por http://bit.ly/cJ5q7T #2010wc
2010-06-15,22:37:28,900,今日もサッカーポルトガル代表の試合がありますが、見ると確実に寝不足になってしまうので明日のために寝ます。
2010-06-15,22:24:38,900,@masaharuiku 自分もデコは久しぶりに見ます！デコにとって悔いの残らないW杯にして欲しいです。またポルトガル代表も。
2010-06-15,22:20:17,900,22:25 スカチャンHD800[e2] FIFAワールドカップグループG#13 コートジボアール代表-ポルトガル代表
2010-06-15,22:20:15,900,22:25 スカチャン180 FIFAワールドカップグループG#13 コートジボアール代表-ポルトガル代表
2010-06-15,22:13:36,900,ポルトガル、ナニもモウチーニョもいねぇからな…コエントロンは出るか分かんないし。しかし近未来のポルトガル代表は楽しみだな
2010-06-15,22:06:45,900,ポルトガル代表って、デコいるのかしら？
2010-06-15,22:03:59,900,不穏な空気が漂ってる模様／ スポーツナビ | けがでポルトガル代表を外れたナニが１週間で回復？　代表離脱の謎深まる http://sportsnavi.yahoo.co.jp/soccer/headlines/20100615-00000023-spnavi-socc.html
2010-06-15,21:33:00,900,リカルド・カルバーリヨとかだた、ポルトガル代表。最近サッカー見てなかったー某チャンネルとかなら叩かれるな ＊オレ的ユーロ雑感 http://bit.ly/d5Y4rf
2010-06-15,21:12:20,900,@jun1972 ポルトガル代表のロナウドが1日3000回やってるらしい。僕は200くらい。
2010-06-15,21:08:39,900,今日のプレミアさん（ポルトガル代表）：ぱうろん（チェルシー）、リッキー（チェルシー）、凸（チェルシー）。ミニチェルシー。
2010-06-15,21:00:31,900,会社の人とさっくり飲み。をっ！今日はポルトガル代表戦だよ。Forca Portugal☆☆
2010-06-15,20:58:14,900,今日もポルトガル代表の試合があるー。クリスティアーノロナウド観たい。寝不足で仕事中ボーっとしてしまう。絵も進みません。。
2010-06-15,20:56:10,900,ポルトガル代表のケイロス監督「技術よりも勝利への執念こそが大事だ」 #2010wc - http://bit.ly/dgftIH ふに、ウチは「執念」なら負けません。
2010-06-15,20:54:06,900,"(@dream_source)【サッカー】コートジボワール vs ポルトガルまであと3時間。 （NHK総合）サッカーワールドカップ２０１０（グループリーグG組）。
ポルトガル代表の活躍をみんなで採点しましょう。→
http://bit.ly/cC6hP1 #2010wc #por"
2010-06-15,20:34:58,900,本日はポルトガル代表、クリスティアーノ・ロナウド登場！私のウイイレ(マスターリーグ)では能力MAXで誰にも彼を止められません！  現実には果たして？
2010-06-15,20:25:37,900,@MOMO__a ポルトガル代表で、クラブは、レアルマドリード所属だよ(^-^)
2010-06-15,19:55:46,900,グループGは何気にＪリーグに縁のある人が多い。ドゥンガ（ブラジル代表監督）ー元ジュビロ、カルロス•ケイロス（ポルトガル代表監督）ー元名古屋グランパス監督、チョン•テセ（北朝鮮）ー川崎、ドゥンビア（象牙海岸）ー元徳島 #2010WC
2010-06-15,18:42:14,900,ポルトガル代表メンバー｜サッカーワールドカップ2010南アフリカ大会ガイド http://icio.us/ffia0e
2010-06-15,18:38:20,900,今日は大好きなサッカー選手  デコがいるポルトガル代表の初戦。最後のW杯でもう一度花咲せてほしいな。http://bit.ly/bGzjhR
2010-06-15,17:50:49,900,今日はポルトガル代表の登場だ！！　必勝！！！！
2010-06-15,17:13:22,900,【仮想W杯】「コートジボワール×ポルトガル」コートジボワール代表は当店在庫ありませんがっ、MAO OTAYECK！ http://ow.ly/1YB97 VS ポルトガル代表シンフォ・プログレTANTRA！ http://ow.ly/1YB9m #kakereco_wcup
2010-06-15,16:56:09,900,本日はポルトガル代表の試合。楽しみ&ツイート増えますのでご了承下さい。
2010-06-15,16:38:17,900,#newsjp けがでポルトガル代表を外れたナニが１週間で回復？　代表離脱の謎深まる（スポーツナビ） http://bit.ly/bpBrIf
2010-06-15,16:02:02,900,ケガで離脱したナニが早くも復活？ ポルトガル代表エロいな。鹿島アントラーズのくせに
2010-06-15,15:30:17,900,#newsjp けがでポルトガル代表を外れたナニが１週間で回復？　代表離脱の謎深まる（スポーツナビ） http://bit.ly/bpBrIf
2010-06-15,15:30:11,900,#newsjp ポルトガル代表のケイロス監督「技術よりも勝利への執念こそが大事だ」（スポーツナビ） http://bit.ly/9hNzsP
2010-06-15,13:04:57,900,#newsjp ポルトガル代表のケイロス監督「技術よりも勝利への執念こそが大事だ」（スポーツナビ） http://bit.ly/9hNzsP
2010-06-15,12:21:12,900,#newsjp けがでポルトガル代表を外れたナニが１週間で回復？　代表離脱の謎深まる（スポーツナビ） http://bit.ly/bpBrIf
2010-06-15,12:05:09,900,[Y!スポーツ]けがでポルトガル代表を外れたナニが１週間で回復？　代表離脱の謎深まる（スポーツナビ） http://bit.ly/9LJxeY
2010-06-15,12:05:04,900,[Y!スポーツ]ポルトガル代表のケイロス監督「技術よりも勝利への執念こそが大事だ」（スポーツナビ） http://bit.ly/bYdLSU
2010-06-15,12:02:39,900,けがでポルトガル代表を外れたナニが1週間で回復？ 代表離脱の謎深まる （スポーツナビ） http://bit.ly/dfCU2G
2010-06-15,12:01:23,900,ポルトガル代表のケイロス監督「技術よりも勝利への執念こそが大事だ」（スポーツナビ） http://dlvr.it/1jdxm
2010-06-15,12:01:22,900,けがでポルトガル代表を外れたナニが１週間で回復？　代表離脱の謎深まる（スポーツナビ） http://dlvr.it/1jdxn
2010-06-15,12:01:20,900,ファイト！ ポルトガル代表のケイロス監督「技術よりも勝利への執念こそが大事だ」（スポーツナビ） http://dlvr.it/1jdxg #sports
2010-06-15,12:01:12,900,ファイト！ けがでポルトガル代表を外れたナニが１週間で回復？　代表離脱の謎深まる（スポーツナビ） http://dlvr.it/1jdxh #sports
2010-06-15,12:00:06,900,けがでポルトガル代表を外れたナニが１週間で回復？　代表離脱の謎深まる http://bit.ly/djrTjT #f14s_biz
2010-06-15,11:57:41,900,【サッカー】けがでポルトガル代表を外れたナニが１週間で回復？　代表離脱の謎深まる http://tinyurl.com/29f38gv
2010-06-15,11:57:30,900,【サッカー】ポルトガル代表のケイロス監督「技術よりも勝利への執念こそが大事だ」 http://tinyurl.com/25kt2ec
2010-06-15,11:56:29,900,ポルトガル代表のケイロス監督「技術よりも勝利への執念こそが大事だ」（スポーツナビ）:  http://bit.ly/9hNzsP
2010-06-15,11:56:25,900,けがでポルトガル代表を外れたナニが１週間で回復？　代表離脱の謎深まる（スポーツナビ）:  http://tinyurl.com/34as5zg
2010-06-15,11:56:24,900,ポルトガル代表のケイロス監督「技術よりも勝利への執念こそが大事だ」（スポーツナビ）:  http://tinyurl.com/39yfhcr
2010-06-15,09:36:35,900,ナニ「1週間で回復」 http://j.mp/a9jrkj  [gikoneko] ◆ ［MAGALIESBURG（南アフリカ）　１３日　ロイター］　肩のけがを理由にサッカーのワールドカップ（Ｗ杯）南アフリカ大会から離脱したポルトガル代表ＦＷナニは１３日、回復には１週間しかかか…
2010-06-15,09:14:16,900,さあ！今日はポルトガルが登場だよ！レアルではなく、ポルトガル代表のクリスティアーノがみれる！うれぴ～♥ f^_^;)  #2010wc #worldcup
2010-06-15,08:42:37,900,"クリスティアーノ・ロナウドの名言（期待）: 

俺はスターで誰よりも恵まれた環境にある。
人々の期待にこたえること、それが俺のモチベーションだ

クリスティアーノ・ロナウド　
サッカーポルトガル代表　レアルマドリード所属... http://bit.ly/bGBYOp"
2010-06-15,07:01:46,900,デコ、ドログバとの対決を望む - ポルトガル代表のデコ（32歳）が、チェルシーでチームメイトのディディエ・ドログバとの対戦を心から望んでいると語った。ポルトガ... http://bit.ly/9FSWOw
2010-06-15,06:12:16,900,デコ、ドログバとの対決を望む: ポルトガル代表のデコ（32歳）が、チェルシーでチームメイトのディディエ・ドログバとの対戦を心から望んでいると語った。ポルトガルは死のG組で、コートジボワール、ブラジル、北朝鮮と決勝トーナメント進出... http://bit.ly/ajxf8L
2010-06-15,00:58:08,900,前回のW杯の時から思ってたんだけど、ポルトガル代表に卓球さん似のデコという選手がいる。共感してもらえない気がして黙ってたけど、ググったらそれなりにページがヒットしてウケた（笑）http://twitpic.com/1wrrrd
2010-06-14,23:23:39,900,@pikapikamiho いやいや！Σ(￣□￣;　ただのヒゲの濃ゆい顔も濃ゆいおっちゃん・・・あ、最近はやりのサッカーで例えるならフィーゴ（元ポルトガル代表）似です。 http://yfrog.com/jw3ffsj
2010-06-14,22:47:16,900,ナニ…何してんのwww　【サッカー/ポルトガル代表】W杯欠場のナニ、負傷の原因は練習中のオーバーヘッドキック失敗 http://live28.2ch.net/test/read.cgi/mnewsplus/1276518567/
2010-06-14,22:09:30,900,クアレスマ トルコ行くのね “@UEFAcom_jp: ベシクタシュがクアレスマを獲得: トルコのベシクタシュJKが、FCインテル・ミラノの元ポルトガル代表ウィンガー、リカルド・クアレスマと長期契約を結んだ。 http://bit.ly/ahS2N2”
2010-06-14,22:01:15,900,【サッカー/ポルトガル代表】W杯欠場のナニ、負傷の原因は練習中のオーバーヘッドキック失敗 http://dlvr.it/1hjrz
2010-06-14,22:00:20,900,【サッカー/ポルトガル代表】W杯欠場のナニ、負傷の原因は練習中のオー... http://live28.2ch.net/test/read.cgi/mnewsplus/1276518567/l20
2010-06-14,21:41:58,900,ジョゼさん、将来ポルトガル代表率いたいって言ってるからレアルの次は代表監督かな。ロナウドもいるし、可能性は高いかも。W杯で指揮するモウリーニョ。見てみたい。
2010-06-14,21:32:44,900,【サッカー/ポルトガル代表】W杯欠場のナニ、負傷の原因は練習中のオーバーヘッドキック失敗 http://live28.2ch.net/test/read.cgi/mnewsplus/1276518567/
2010-06-14,21:31:52,900,【サッカー/ポルトガル代表】W杯欠場のナニ、負傷の原因は練習中のオーバーヘッドキック失敗 http://dlvr.it/1hhR3
2010-06-14,21:31:31,900,[2NN] 【サッカー/ポルトガル代表】W杯欠場のナニ、負傷の原因は練習中のオーバーヘッドキック失敗:  http://url4.eu/4TjEl
2010-06-14,21:30:08,900,【サッカー/ポルトガル代表】W杯欠場のナニ、負傷の原因は練習中のオーバーヘッドキック失敗 http://www.2nn.jp/mnewsplus/1276518567/
2010-06-14,21:13:57,900,ポルトガル代表のロナウドの筋肉 最高!!!!!!!笑゛
2010-06-14,21:07:33,900,ほほぅ… RT @poohsans: @Sachsenanya ポルトガル代表、クリスティアーノ・ロナウド、イケメンだよw
2010-06-14,21:00:02,900,マンチェスター・ユナイテッドで活躍するポルトガル代表のドリブラーは○○○○○○○○・ロナウド？ 文字群[クスリィテーアノ]（並べ替え）
2010-06-14,17:12:39,900,２０１０　FIFA　WORLD CUP　ポルトガル代表　クリスティアノ・ロナルド　ろう人形が登場 - ANSWER　is　my　life http://bit.ly/9aqmev #twitbackr
2010-06-14,17:12:27,900,２０１０　FIFA　WORLD CUP　ポルトガル代表　クリスティアノ・ロナルド　ろう人形が登場 http://axs-access.jugem.jp/?eid=4093 #jugem_blog
2010-06-14,16:28:13,900,サッカー＝Ｗ杯離脱のポルトガル代表ナニ、「1週間で回復」 ：［MAGALIESBURG（南アフリカ） １３日 ロイター］ 肩のけがを理由にサ… http://bit.ly/cO38I2 #followmeJP  #followdaibosyu
2010-06-14,15:56:20,900,朝鮮代表ＶＳポルトガル代表の試合を大型スクリーンで観戦するイベントがあります。日時：６/21（月）、19：30開場。場所：東京朝鮮中高級学校体育館（ＪＲ十条駅徒歩７分）。 #prk
2010-06-14,15:44:55,900,サッカー＝Ｗ杯離脱のポルトガル代表ナニ、「1週間で回復」 http://bit.ly/czvsrZ
2010-06-14,15:00:04,900,サッカー＝Ｗ杯離脱のポルトガル代表ナニ、「1週間で回復」 http://bit.ly/dBJTEt #f14s_biz
2010-06-14,14:54:03,900,サッカー＝Ｗ杯離脱のポルトガル代表ナニ、「1週間で回復」 http://bit.ly/aiyGum
2010-06-14,14:54:01,900,サッカー＝Ｗ杯離脱のポルトガル代表ナニ、「1週間で回復」: 　［MAGALIESBURG（南アフリカ）　１３日　ロイター］　肩のけがを理由にサッカーのワールドカップ（Ｗ杯）南アフリカ大会から離脱したポルトガル代表ＦＷナニは１３日... http://bit.ly/b6oGkn
2010-06-14,14:52:17,900,AFP ブブゼラの音 ロナウドも「集中できない」: 【6月14日 AFP】2010年サッカーW杯南アフリカ大会（2010 World Cup）で観客らが吹き鳴らす民族楽器「ブブゼラ」について、ポルトガル代表クリスティアーノ・ロナ... http://bit.ly/cyIggN
2010-06-14,14:22:07,900,大音響のブブゼラ、C.ロナウドも不満 「集中できない」: 【6月14日 AFP】2010年サッカーW杯南アフリカ大会（2010 World Cup）で観客らが吹き鳴らす民族楽器「ブブゼラ」について、ポルトガル代表クリスティアーノ... http://bit.ly/bwyaPq
2010-06-14,12:34:06,900,@KISOYA45 ロナルド（94年ブラジル代表）、ロナウド（94、98、02、06年ブラジル代表、元祖ロナウド）、ロナウジーニョ（02、06年ブラジル代表、出っ歯）、クリスティアーノ･ロナウド（06、10年ポルトガル代表、今が旬）といろいろややこしいです。
2010-06-14,12:15:16,900,ポルトガル代表のＣ・ロナウド「スペインとの対戦は怖くない」 :: http://bit.ly/aIBzSW
2010-06-14,12:09:13,900,いまポルトガルにいます。ポルトガル代表においてはＣ．ロナウドが好きです。というわけで、ではみなさんだったらポルトガル代表とどう戦うか、ぜひ教えていただけたら幸いです。
2010-06-14,12:09:06,900,[Sportsnavi] ポルトガル代表のＣ・ロナウド「スペインとの対戦は怖くない」: ポルトガル代表主将のクリスティアーノ・ロナウドは、１３日の練習後に行われた記者会見でこのワールドカップ（Ｗ杯）に懸ける意気込みを語った。グル... http://bit.ly/9xaShc
2010-06-14,12:09:05,900,【NEWS】 ポルトガル代表のＣ・ロナウド「スペインとの対戦は怖くない」 http://bit.ly/9xaShc
2010-06-14,12:09:05,900,[soccer] ポルトガル代表のＣ・ロナウド「スペインとの対戦は怖くない」 http://tinyurl.com/3y24xqw
2010-06-14,12:09:04,900,ポルトガル代表のＣ・ロナウド「スペインとの対戦は怖くない」: ポルトガル代表主将のクリスティアーノ・ロナウドは、１３日の練習後に行われた記者会見でこのワールドカップ（Ｗ杯）に懸ける意気込みを語った。グループＧのポルトガルは、仮に... http://bit.ly/9xaShc
2010-06-14,12:09:03,900,ポルトガル代表のＣ・ロナウド「スペインとの対戦は怖くない」: ポルトガル代表主将のクリスティアーノ・ロナウドは、１３日の練習後に行われた記者会見でこのワールドカップ（Ｗ杯）に懸ける意気込みを語った。グループＧのポルトガルは、仮に... http://bit.ly/9w0Va9
2010-06-14,12:04:07,900,ポルトガル代表のＣ・ロナウド「スペインとの対戦は怖くない」　http://bit.ly/bdXSM3
2010-06-14,11:56:35,900,ポルトガル代表のＣ・ロナウド「スペインとの対戦は怖くない」（スポーツナビ） http://dlvr.it/1h5bq
2010-06-14,11:50:28,900,【スポナビ  - サッカー】 ポルトガル代表のＣ・ロナウド「スペインとの対戦は怖くない」 ➤ http://am6.jp/aQk4Ck
2010-06-14,11:50:24,900,[Y!スポーツ]ポルトガル代表のＣ・ロナウド「スペインとの対戦は怖くない」（スポーツナビ） http://bit.ly/9qM5Dz
2010-06-14,11:47:37,900,ポルトガル代表のC・ロナウド「スペインとの対戦は怖くない」 （スポーツナビ） http://bit.ly/9aWaV7
2010-06-14,11:38:16,900,【サッカー】ポルトガル代表のＣ・ロナウド「スペインとの対戦は怖くない」 http://tinyurl.com/2g9qked
2010-06-14,10:43:22,900,AFP ろう人形のC・ロナウドが登場: 【6月14日 AFP】2010年サッカーW杯南アフリカ大会（2010 World Cup）にも出場しているポルトガル代表クリスティアーノ・ロナウド（Cristiano Ronaldo）のろ... http://bit.ly/9qc3YX
2010-06-14,10:35:13,900,niel206は『ポルトガル代表トップ下で異名は「釘宮病の戦術鬼』です。 http://shindanmaker.com/25765  なんだか怖い病みたいだ・・・
2010-06-14,07:39:24,900,"クリスティアーノ・ロナウドの名言（ギフト）: 

僕にとってサッカーは仕事ではない。神から与えられたものなのだ。

クリスティアーノ・ロナウド　
サッカーポルトガル代表　レアルマドリード所属

【一言コメン... http://bit.ly/9s3cZq"
2010-06-14,00:59:29,900,ドイツ代表メンバー見たらほとんど知らん名前。。あたた、、セスク・ファブレガスはスペイン代表だった。。ポルトガル代表と勘違いしてた。。
2010-06-14,00:26:07,900,tashi_tomoは『ポルトガル代表右SBで異名は「黒いSOS団員』です。 http://bit.ly/cAJwVZ
2010-06-14,00:06:32,900,tetsu5681は『ポルトガル代表トップ下で異名は「強運の戦術鬼』です。 http://shindanmaker.com/25765
2010-06-13,21:30:19,900,【NEWS】ポルトガル代表FWシモン「今の調子は100％」　疲弊の噂を否定 #2010wc http://soccer.skyperfectv.co.jp/worldcup/p/detail.php?id=201006130445
2010-06-13,21:30:11,900,【NEWS】ポルトガル代表FWシモン「今の調子は100％」　疲弊の噂を否定 #sbm_wc #2010wc http://bit.ly/sbm-wc
2010-06-13,20:47:09,900,(*´｀)天空の天使て…ｗ @永々は『ポルトガル代表左WGで異名は「天空の天使ちゃん』です。 http://shindanmaker.com/25765
2010-06-13,17:18:28,900,おかげさまで、サッカーポルトガル代表タオルマフラー完売致しました。ポルトガル雑貨店tartarugaさんでも扱ってらっしゃいます。http://tartaruga.jp/
2010-06-13,15:17:39,900,#newsjp [インタビュー] 「ポルトガルは常にベストチーム」クリスチアーノ・ロナウド（レアル・マドリー／ポルトガル代表） http://bit.ly/bH996U
2010-06-13,14:03:54,900,いまポルトガルにいます。ポルトガル代表においてはＣ．ロナウドが好きです。というわけで、ではみなさんだったらポルトガル代表とどう戦うか、ぜひ教えていただけたら幸いです。
2010-06-13,12:33:48,900,ポルトガル代表ロナルド、ろう人形館でもゴール狙う http://dlvr.it/1fqlv
2010-06-13,11:47:23,900,ポルトガル代表ロナルド、ろう人形館でもゴール狙う: 　［ロンドン　９日　ロイター］　世界中の「有名人」が数多く展示されている英ロンドンのマダム・タッソーろう人形館に９日、サッカーのポルトガル代表クリスティアノ・ロナルドの人形が登... http://bit.ly/9uJyLv
2010-06-13,11:24:02,900,[ニュース]ameba news！ ポルトガル代表ロナルド、ろう人形館でもゴール狙う http://bit.ly/cn6mJ6
2010-06-13,09:12:05,900,@babo247わーいbaboさん久しぶりです。私もアルゼンチンとドイツが優勝候補ですね…ポルトガル代表のロナウドも気になります
2010-06-13,02:30:59,900,偽物ではないはず…ちなみにスペイン代表はツイッターFacebook禁止です。 RT @RIKAX773: 本物か！RT @erikinha0216 ポルトガル代表はツイッター禁止じゃないんだ RT @C_Ronaldo: We have a very tough group.
2010-06-13,02:25:36,900,本物か！RT @erikinha0216 ポルトガル代表はツイッター禁止じゃないんだ RT @C_Ronaldo: We have a very tough group. I would say the World Cup winner could come from here.
2010-06-13,02:15:03,900,クリロナが呟いてる…ポルトガル代表はツイッター禁止じゃないんだなぁ RT @C_Ronaldo: We have a very tough group. I would say the World Cup winner could come from here.
2010-06-13,00:12:06,900,@mimineenee それは、ポルトガル代表ッス
2010-06-12,17:09:01,900,2006FIFA ワールドカップドイツ オフィシャルライセンスDVD 「ポルトガル代表 戦いの軌跡」 http://yukeama.blog27.fc2.com/blog-entry-60.html
2010-06-12,10:15:01,900,【Ｗ杯】グーグル検索１位はロナルド: 　【ニューヨーク＝松尾理也】米インターネット検索大手グーグルは１１日、同社の公式ブログで、サッカー・ワールドカップ（Ｗ杯）南アフリカ大会開幕前後に最もネット検索された選手はポルトガル代表のス... http://bit.ly/awdX6S
2010-06-12,09:21:36,900,ロナウドかロナルドか、フリットかフーリットか、みたいなw RT @Reuters_JP_Ent ポルトガル代表ロナルド、ろう人形館でもゴール狙う http://bit.ly/cOxx3q
2010-06-12,02:48:57,900,いやはや、今からもう興奮して。代表としてはあまり活躍してないみたいなロナ hira_xi @kirakirayukarin 6/15のコートジボワール戦の前になれば、日本語でのツイートも増えると思いますよ！ポルトガル代表のハッシュタグ #POR と併せて使うといいかもしれません
2010-06-12,02:42:10,900,@kirakirayukarin 6/15のコートジボワール戦の前になれば、日本語でのツイートも増えると思いますよ！ポルトガル代表のハッシュタグ #POR と併せて使うといいかもしれません？
2010-06-12,01:32:45,900,ハリー・キューウェルが知っている誰かに似ているんだけど思い出せない・・・。 - 芸スポまとめblog : 【サッカー/Ｗ杯】イケメンが勢揃い！ イチ押しはポルトガル代表ミゲル、イケメン度トップはスペインhttp://bit.ly/d6T3sr
2010-06-11,22:37:16,900,因みにポルトガル代表のファンなので期間中は意味もなくポルトガル国旗を付けてツイートしますw #2010wc #por
2010-06-11,22:25:17,900,@kayoookitchen 言わずと知れたポルトガル代表は是非観なければ(ノ^^)八(^^ )ノ
2010-06-11,21:51:11,900,なんの戦力ダウンだよwww「優勝を果たした前回大会からイケメン選手がごっそり抜け、大幅戦力ダウンのイタリア。」　…私的にはサンタクルスで。渋方向ならカシージャスも追加されますな。　サカ速 【Ｗ杯】イケメンが勢揃い！ イチ押しはポルトガル代表ミゲル、イケメン度トップはスペイン...
2010-06-11,21:32:45,900,ポルトガル代表！ポッソドロボ。ロナウドの味がします。 http://twitpic.com/1vsxef http://twitpic.com/1vsx3q
2010-06-11,21:26:26,900,なに！もうW杯の開会式やってるのか！ポルトガル代表じゃないよ
2010-06-11,20:54:05,900,今回も鉄板サンタクルスさんの優勝か。しかし「ポルトガルのミゲル」って普通バレンシアの方を連想すると思うのw http://j.mp/9yRpLc 【Ｗ杯】イケメンが勢揃い！ イチ押しはポルトガル代表ミゲル、イケメン度トップはスペイン
2010-06-11,20:21:59,900,サッカーW杯情報。ポルトガル代表ミゲル・ヴェローゾはなかなかのＩＫＥＭＥＮ。ＩＫＥＭＥＮといえば、南アフリカ出身でチリ代表という謎の経歴を持つマルク・ゴンザレスも注目、かも。てか出身はさっき知った。
2010-06-11,20:19:45,900,@oikei722 うわ～ポルトガル優勝なら、どれほど嬉しいか! ポルトガル代表が、私のNo.1です。
2010-06-11,19:17:33,900,@ichiji9ichi5 了解ー！ポルトガル代表チェックします！
2010-06-11,18:39:05,900,@k__fukushima 代表引退かぁ。もう33歳やもんね。ポルトガル代表はいい選手多いもんね。FIGOもスキやった。時代はクリスティアーノ・ロナウドやけど。
2010-06-11,17:51:12,900,【ｽﾎﾟｰﾂ】ポルトガル代表がマンデラ元大統領にユニホームプレゼント (2010/6/11 10:26) http://ff.im/-lQKwS
2010-06-11,16:57:43,900,W杯開幕ポルトガル代表→http://ameblo.jp/lasboi-luxam/
2010-06-11,16:20:59,900,元ポルトガル代表のラウールがツイッターしたらナウール
2010-06-11,15:50:11,900,"ラジオ放送予定を更新 ポルトガル代表,ブラジル代表,代表,デンマーク代表,北朝鮮代表 http://soccer.phew.homeip.net/schedule/radio/"
2010-06-11,15:50:06,900,"テレビ放送予定を更新 ポルトガル代表,ブラジル代表,イタリア代表,スロバキア代表,イングランド代表,... http://soccer.phew.homeip.net/schedule/tv/"
2010-06-11,15:43:41,900,非国民上等wwww RT: @F_y_1113: 非国民!ｗ RT @Chiefpublicpr: 私はポルトガル代表のファンですからね！！日本代表なんで応援しませんよ(ｷﾘｯ #por
2010-06-11,15:30:08,900,"テレビ放送予定を更新 コートジボアール代表,ポルトガル代表,オランダ代表,デンマーク代表 http://soccer.phew.homeip.net/schedule/tv/"
2010-06-11,15:26:33,900,私はポルトガル代表のファンですからね！！日本代表なんで応援しませんよ(ｷﾘｯ #por
2010-06-11,14:51:25,900,いや、でもね、ポルトガル代表やユナイテッドだって、煮詰まった時にクリロナのCFとかやったことありますし、わかんないですよ、やってみないと。僕が見たそれは両方とも大失敗でしたけど。
2010-06-11,14:29:31,900,@meichantoissyo よい！クリスチアーノ・ロナウド（サッカーポルトガル代表）は一日3000回してるらしいがｗ　ともかくよい！関係ないけど、オレは一昨日から再びキャベツダイエットを開始した。
2010-06-11,13:58:00,900,"【VCGOO注目キーワード★12位★】 ミゲル・ヴェローゾ: ポルトガル代表サッカー選手。W杯イケメン選手紹介の記事で。
ミゲル・ヴェローゾの関連商品検索はタイトルをクリック。

【Data from Yahoo】 http://url4.eu/4K1E1"
2010-06-11,12:26:26,900,サッカーW杯情報。ギリシャ代表セイタリディスは、元ポルトガル代表マニシェと同じクラブに在籍する機会が多い。現在は別のクラブだが2009までに3度、同じタイミングで同じクラブに移籍している。前クラブでは2人で試合観戦をﾌｹてクビになっている。あやしい。
2010-06-11,12:20:52,900,【Ｗ杯】イケメンが勢揃い！ イチ押しはポルトガル代表ミゲル、イケメン度トップはスペイン　他 http://ff.im/-lQ0rI
2010-06-11,11:36:27,900,マンデラ氏にユニホーム ポルトガル代表 - 47NEWS http://dlvr.it/1c4FC
2010-06-11,11:03:34,900,91歳、元気なお姿が見れました☆ I ❤ U Madiba !　invictus もう一度観たいな　http://amzn.to/crUKoD QT @47news　マンデラ氏にユニホーム　ポルトガル代表 http://bit.ly/agpBFu #WorldCup
2010-06-11,10:53:37,900,&lt;スポーツ&gt;マンデラ氏にユニホーム ポルトガル代表 - 47NEWS http://bit.ly/aDYJLE
2010-06-11,10:51:41,900,ポルトガル代表がマンデラ元大統領にユニホームプレゼント:  http://url4.eu/4JfXc
2010-06-11,10:51:17,900,サカ速 【Ｗ杯】イケメンが勢揃い！ イチ押しはポルトガル代表ミゲル、イケメン度トップはスペイン http://tumblr.com/xiqbc43l4
2010-06-11,10:36:13,900,マンデラ氏にユニホーム　ポルトガル代表 http://bit.ly/agpBFu
2010-06-11,10:35:28,900,マンデラ氏にユニホーム　ポルトガル代表(６月１１日　10:30) http://dlvr.it/1c0mf -デイリー-
